kind,case,bytes,chunks,events,validation,current_ns,current_ns_min,current_ns_max,current_mib_s,baseline_ns,baseline_ns_min,baseline_ns_max,baseline_mib_s,core_ns,core_ns_min,core_ns_max,core_mib_s,speedup_vs_baseline,speedup_vs_baseline_min,speedup_vs_baseline_max,time_change_vs_baseline_pct,consistency_vs_baseline,speedup_vs_core,speedup_vs_core_min,speedup_vs_core_max,time_change_vs_core_pct,consistency_vs_core
decode,small_data_whole_stream_chunk,1700000,1,100000,all_three_match_reference,3476809.7416666658,3392334.499999999,3479771.039999999,466.3028633581353,4135424.96,4002233.7049999996,4299009.049999999,392.0386305088764,3555532.483333333,3478774.883333334,3654788.125,455.97849140466775,1.1894309057065677,1.1797874605231295,1.2354287108498954,-15.92617988970435,all_rounds_faster_over_3pct,1.0481078688830168,1.0005652140360508,1.0502955749065608,-4.58997306587211,mixed_or_near_boundary
decode,small_data_tcp_chunks,1700000,1165,100000,all_three_match_reference,3523142.3583333334,3492275.0916666663,3735725.620000001,460.17054464344034,4080520.1375,3940573.14375,4161787.2299999995,397.31364709889874,3498807.0100000002,3486835.9333333336,3499299.2791666673,463.3711814503953,1.1184825201369772,1.092296531537024,1.1917123138239984,-10.593149021449788,all_rounds_faster_over_3pct,0.993232439469762,0.9365802968152676,0.9984425172156937,0.6813672471119414,mixed_or_near_boundary
decode,small_data_event_chunks,1700000,100000,100000,all_three_match_reference,4009183.9875,3859603.03125,4100881.0700000003,404.3831220880394,4682615.9625,4433814.4625,5004784.1125,346.22662863538744,4666090.3125,4656959.5375,4679541.325,347.4528415250482,1.1487747383865101,1.1418560749678117,1.2483298666521974,-12.950732063926552,all_rounds_faster_over_3pct,1.167205431227419,1.1355997547863537,1.2089560182019043,-14.325278717353784,all_rounds_faster_over_3pct
decode,small_data_4b_chunks,1700000,425000,100000,all_three_match_reference,10735481.6375,10633723.5875,10751155.1625,151.0175689023086,10615680.6,10433815.6625,10615874.775,152.7218460105728,8921688.1625,8879318.575,9115438.9,181.7196822351529,0.9874171300241432,0.9812005716196165,0.9888406462285284,1.27432162084824,all_rounds_within_3pct,0.8298353086390962,0.8271001595292887,0.8572198463683265,20.50583888024342,all_rounds_slower_over_3pct
decode,metadata_events_tcp_chunks,2088890,1431,50000,all_three_match_reference,3822444.0849999995,3751665.039999999,4131173.08125,521.1641291537301,4435914.70625,4372774.8125,4809318.7375,449.08905484387356,4493853.35,4492874.49375,4669080.43125,443.2990103688746,1.164153290823828,1.1604917188082295,1.16555576414146,-14.100659433575336,all_rounds_faster_over_3pct,1.175649205081832,1.1302069265607342,1.1975681319753433,-14.940613605025632,all_rounds_faster_over_3pct
decode,multiline_data_tcp_chunks,1900000,1302,50000,all_three_match_reference,2414809.4321428575,2366583.260714286,2737814.803125,750.3619859410422,3131196.8124999995,2923534.054166667,3177976.583333333,578.6864606971668,2933032.1535714287,2867091.349999999,3137882.9464285704,617.7842949882096,1.2106686412817167,1.1607712032625155,1.3230875348771531,-17.401015777420735,all_rounds_faster_over_3pct,1.1872950767199029,1.1461268099094666,1.2393530378838968,-15.774939220445205,all_rounds_faster_over_3pct
decode,keepalive_whole_stream_chunk,2600000,1,0,all_three_match_reference,1021665.4037321046,966500.4882199711,1070623.7771595013,2426.9718966684563,1060406.8000617102,954795.7829787887,1099261.5113749832,2338.3037740911814,1175211.7958866418,1073915.9766294383,1209408.8806928638,2109.8777525335713,1.037919847523548,0.891812608077864,1.137362603302479,-3.653446613823208,mixed_or_near_boundary,1.1502902922949512,1.0030750292868253,1.2513277493736847,-13.065422989453046,mixed_or_near_boundary
decode,keepalive_tcp_chunks,2600000,1781,0,all_three_match_reference,921467.0505895065,901332.547169077,967309.9694151072,2690.8756217272894,1017322.1182515861,1015297.4566174423,1230575.628745018,2437.33344451187,1114847.847176053,1105151.8499816675,1229355.7447397315,2224.118052465223,1.1286867665511597,1.1018271960651311,1.2721626651786675,-11.401459675511017,all_rounds_faster_over_3pct,1.236888483254698,1.1993395198175008,1.270901555458043,-19.15196773692639,all_rounds_faster_over_3pct
decode,keepalive_line_chunks,2600000,200000,0,all_three_match_reference,3308328.520833333,3232891.420833334,3346407.894999999,749.4882104488453,3404941.3916666666,3328782.0291666663,3642505.508333333,728.2219978072947,3176690.2599999993,3101978.654166667,3208380.437499999,780.5461092250935,1.029660943054071,1.0292029253518624,1.0884822241113359,-2.880651466306372,mixed_or_near_boundary,0.959505980985615,0.9492836377616782,0.9697889484965181,4.220298759658503,all_rounds_slower_over_3pct
decode,keepalive_4b_chunks,2600000,650000,0,all_three_match_reference,10341720.7,10251044.4375,11246973.95,239.76215318368153,10260861.825,10138011.3,10738994.575,241.65155568267778,9636658.7625,9002460.5375,10030555.0,257.3042466031027,0.9889735003892378,0.9548341289614172,0.9921812938730786,1.114943889439135,mixed_or_near_boundary,0.8781993476262305,0.8568223599824377,0.9699116124843713,13.869362657009043,all_rounds_slower_over_3pct
decode,large_data_event_chunks,2561408,64,64,all_three_match_reference,77082.7798583953,75591.11384517967,80257.37069459821,31689.944601439453,77642.93693748981,75553.48597429217,79237.42752453715,31461.316634688264,95310.9841466315,94104.17850703493,98859.6261635359,25629.249821609697,0.9995022183299935,0.9674243781663736,1.027952386643295,0.04980295800025569,mixed_or_near_boundary,1.2364756995235806,1.2317825180160022,1.2449105949116241,-19.124977515910402,all_rounds_faster_over_3pct
decode,large_data_tcp_chunks,2561408,1755,64,all_three_match_reference,118308.59477159337,117546.9892172423,145797.5165375415,20647.26597550645,120700.89077486537,120015.68575326385,128765.2760723674,20238.03642007732,138753.27180874354,134444.0233864851,145902.7005028486,17604.98323098692,1.0144291375023615,0.8831788025635646,1.0268309854520752,-1.4223898909181187,mixed_or_near_boundary,1.1363842470282297,0.9516847413036412,1.2412287330745768,-12.001596060917741,mixed_or_near_boundary
decode,medium_data_10b_chunks,1054208,105421,256,all_three_match_reference,1926217.511111111,1782026.8931818183,1950041.6275000009,521.9405845656892,1954471.2175,1819924.6386363637,2013704.165625,514.3954460664755,1924085.4,1782401.159778788,1932514.8699999996,522.5189556295163,1.0212666518106686,1.0146679729708155,1.0326467585241326,-2.0823799321130987,mixed_or_near_boundary,0.9988931098908549,0.9910121110991508,1.0002100229791153,0.11081166725297464,all_rounds_within_3pct
decode,json_line_tcp,2440000,1672,20000,all_three_match_reference,937933.6133173842,850074.8163691344,964828.9362875003,2480.948863535223,1143845.498001356,1019771.8799284201,1145860.7684403644,2034.3353504447603,955828.4882919382,806660.8936145424,1030202.1645671537,2434.5009178263017,1.1996260332521096,1.187631014518951,1.2195378028469206,-16.640688657859158,all_rounds_faster_over_3pct,0.9906714572324143,0.9489292919651204,1.0983742878383729,0.9416383907583592,mixed_or_near_boundary
decode,json_metadata_after_tcp,2720000,1864,20000,all_three_match_reference,1457219.8359609896,1380913.0801206056,1600649.074551261,1780.098017204346,1698709.9527777776,1634585.6668884433,1701920.094871518,1527.037700805384,1687601.5874982928,1674052.3888425138,1886912.752974005,1537.0891801958703,1.1679226791125557,1.061263196153103,1.1836991700778752,-14.377893512621187,all_rounds_faster_over_3pct,1.2220911017447251,1.0458584679542149,1.294871718329065,-18.173039753554832,all_rounds_faster_over_3pct
decode,json_crlf_tcp,3100000,2124,20000,all_three_match_reference,2267835.305555555,2113841.969444444,2313611.7250000006,1303.617759903929,2201251.7321428573,2180681.7888888894,2313330.5416666665,1343.0496556527005,2298832.717857143,2290067.2583333333,2446974.871875,1286.0398052865607,1.0200610846826756,0.9514352422910792,1.031620064513154,-1.9666552311341512,mixed_or_near_boundary,1.0789914355247068,0.993612148925785,1.083367295869901,-7.320858435386346,mixed_or_near_boundary
decode,large_utf8_tcp,2561024,1755,64,all_three_match_reference,243851.43499795083,224562.03585955832,258309.6867301911,10015.864013761184,222677.30362213255,221290.30899384097,235126.3903899206,10968.261123929131,1024539.373023167,1005844.1694753353,1027350.1621470128,2383.8837987193415,0.9131679033342731,0.9102499924267808,0.9854306323275253,9.508886191539867,mixed_or_near_boundary,4.124823663571173,3.9663219215364385,4.574905808163942,-75.75653939266282,all_rounds_faster_over_3pct
decode,large_utf8_event,2561024,64,64,all_three_match_reference,191188.25593791294,182601.86260241864,204842.40172418585,12774.753347261805,190762.24004174242,189465.37354939,199805.29602154758,12803.282305583956,968035.6529268533,942229.1018141428,1040499.688024077,2523.0298131225454,0.997771746522397,0.9754098484481715,1.0375872997632853,0.22332296794025375,mixed_or_near_boundary,5.079513222194488,5.063258975704115,5.160019116922538,-80.31307418138833,all_rounds_faster_over_3pct
decode,large_json_utf8_tcp,2561728,1755,64,all_three_match_reference,240959.00876196264,233590.2298501072,253636.6282970205,10138.878856495388,234438.09978619794,222959.10471019297,240886.4311787127,10420.89234406335,1145988.0834301077,1113885.5266190616,1154305.1521417089,2131.8321146118174,0.9252988956741961,0.9243069558220898,1.0312350449472454,8.073186369835096,mixed_or_near_boundary,4.755946205614585,4.55101914850391,4.7685450172031265,-78.97368984494695,all_rounds_faster_over_3pct
decode,large_json_escaped_tcp,2561728,1755,64,all_three_match_reference,131084.1469980348,116605.32927681257,137556.07947151054,18637.297149710834,134423.3989297698,114951.87459534888,143885.27272740664,18174.32246669448,144883.63400150408,140419.6238362832,154090.53631709947,16862.18195764877,1.0254741096326856,0.9858200762202,1.0460117304899414,-2.484129964218229,mixed_or_near_boundary,1.1202015709455677,1.1052719746780377,1.204229898471769,-10.730351935152616,all_rounds_faster_over_3pct
decode,large_json_base64_tcp,2561216,1755,64,all_three_match_reference,137094.31774296367,129049.09237933683,142309.4184524577,17816.682399253663,128558.45652094207,128313.35873986148,130439.39294334225,18999.65186320402,139116.0268723334,138883.05253475503,141287.0752450254,17557.760761887555,0.9514573258090926,0.9033727909153848,0.9942988081054249,5.101928680787449,mixed_or_near_boundary,1.0147468484664712,0.9759231261362554,1.0948319948637477,-1.453253931141274,mixed_or_near_boundary
decode,mixed_json_tcp,1620190,1110,10010,all_three_match_reference,505969.1976346973,459449.8519782818,558201.5745276858,3053.8095953694933,590237.9970520934,542489.72719153,594194.7017334894,2617.8145060387756,810813.0170409254,696162.628220998,873720.012531035,1905.659576528792,1.1665492678434488,1.0644805189527793,1.180737625348443,-14.277088198027121,all_rounds_faster_over_3pct,1.5652410390822,1.515209168581701,1.6024948175329856,-36.11207634918879,all_rounds_faster_over_3pct
decode,mixed_json_whole,1620190,1,10010,all_three_match_reference,467507.3374693849,440383.65969781147,470963.01348751626,3305.0467166184885,516822.86593632837,515665.85627373616,525504.1086901327,2989.677300556202,697207.2215973162,626574.6244096953,699681.062629,2216.1755398320593,1.1240553175800065,1.0949179479195021,1.1735741201001169,-11.036406806658494,all_rounds_faster_over_3pct,1.4803863607769212,1.340245540960578,1.5887988739389578,-32.45006665184417,all_rounds_faster_over_3pct
decode,mixed_multiline_tcp,570190,391,10010,all_three_match_reference,433747.0802004795,422244.20669402863,534566.0150128215,1253.6696690162032,478930.4424348834,456377.80070554715,549426.9410908499,1135.3956864949398,726616.5419172292,714612.9599343027,754507.5991548056,748.366610312627,1.0808385135198617,1.0277999829032751,1.1041698360563488,-7.479240655165298,mixed_or_near_boundary,1.6475337646169421,1.4114395190960818,1.7208443133093316,-39.303216633468885,all_rounds_faster_over_3pct
decode,mixed_multiline_whole,570190,1,10010,all_three_match_reference,415989.2612283801,408422.1466509878,494379.3091530746,1307.1865289646128,480967.4824425716,443640.62305582047,553688.6623392471,1130.5869488518022,732150.4746891062,712637.8300000302,802127.8327591333,742.7101084685954,1.1199673046345242,1.086230574648363,1.1562016793950798,-10.711679183676948,all_rounds_faster_over_3pct,1.7926316696894415,1.4414798855980768,1.9282416819860195,-44.21609207800944,all_rounds_faster_over_3pct
decode,alternating_sizes_tcp,2569024,1760,128,all_three_match_reference,129446.21100250159,118835.81973280548,135159.46218039544,18926.874630450966,128278.51233770783,122938.69640859317,137494.67981392005,19099.162925910092,143750.4427110416,127978.23275971161,148183.7549062802,17043.510689953946,1.0172775001901668,0.990979275053704,1.034525589043882,-1.6984058122721635,mixed_or_near_boundary,1.0963624189958778,1.0769331422753026,1.1105032862511794,-8.789285123812707,all_rounds_faster_over_3pct
decode,varied_sizes_tcp,627840,431,64,all_three_match_reference,34951.205471250316,33254.739251549356,36966.80045556047,17131.16542732741,33674.57295607123,29629.29564550672,38535.030981274474,17780.622892934112,37611.166506547124,34155.834114799785,37680.38930932767,15919.604160861973,1.0126247781209805,0.8477331538644292,1.042422674031507,-1.2467380212053403,mixed_or_near_boundary,1.0270967351881566,1.0174309391953267,1.0780855424377935,-2.638187257327096,mixed_or_near_boundary
decode,comment_crlf_tcp,600000,411,0,all_three_match_reference,391291.51346485125,371570.4956806246,397375.070643782,1462.3485819483528,455236.17705351795,446305.42100438336,478660.50181273895,1256.9400647094908,1215656.6041894627,1075904.4318310225,1240992.790612524,470.69590859111617,1.16341950026578,1.123133920508224,1.2882091214910703,-14.046481104059815,all_rounds_faster_over_3pct,3.0592170822895204,2.89555937389548,3.1715300432244087,-67.31189800850618,all_rounds_faster_over_3pct
encode,small_json,37,1,1,identical_wire,14.12795742466125,14.12445394358168,15.466112862798159,2497.597398293215,14.862376941844953,14.515665058897039,16.8776830206824,2374.179436109161,,,,,1.05198341806309,1.0276974328974418,1.0912685799209187,-4.941467438602965,mixed_or_near_boundary,,,,,
encode,metadata_json,79,1,1,identical_wire,80.01482931052905,70.40563287580405,82.3269581493121,941.5788503866722,80.53444893171257,70.14487339186722,84.98033160305768,935.5036508659404,,,,,0.996296326397679,0.9782269470669795,1.0620572753240283,0.37174417933591997,mixed_or_near_boundary,,,,,
encode,large_ascii,40008,1,1,identical_wire,711.4853062884182,640.0260886816675,724.4895150671484,53626.690127756956,694.5489923952712,658.4856187565924,737.7004740830828,54934.35663796527,,,,,1.0288418400458457,0.9586736287424363,1.0368456910676347,-2.803330786446301,mixed_or_near_boundary,,,,,
encode,large_utf8,40016,1,1,identical_wire,719.0239372633253,718.9787232542843,720.2203683349377,53075.05003319034,723.2691502286639,649.9383834628931,736.2220957591602,52763.52715064286,,,,,1.0059041330132852,0.9039744326801539,1.0222178212776967,-0.5869478829556685,mixed_or_near_boundary,,,,,
encode,empty_with_retry,49,1,1,identical_wire,46.01195176383488,45.9688373635242,46.955581849044464,1015.6065916037882,46.792136545489605,46.103643603196694,47.78789310222192,998.6729598995125,,,,,1.0169561331729455,1.0029325570844099,1.0177255018552047,-1.667341650228471,all_rounds_within_3pct,,,,,
