run,scenario,implementation,mean_ns,ci95_low_ns,ci95_high_ns,sample_count
adaptive,keepalive_4b_chunks,sse_stream,9726718.108333332,9614835.706041666,9873781.616875,30
adaptive,keepalive_line_chunks,sse_stream,3312561.8982787416,3203017.035400776,3458197.5000540763,30
adaptive,keepalive_tcp_chunks,sse_stream,1098476.4688904437,1076249.6883193487,1127805.137397202,30
adaptive,keepalive_whole_stream_chunk,sse_stream,1080034.5277522367,1061209.1998652883,1103489.5320449579,30
adaptive,large_data_event_chunks,sse_stream,89244.54341671323,88001.04778629467,90936.16804026862,30
adaptive,large_data_tcp_chunks,sse_stream,132356.25902544032,129124.45619517188,135920.72273418185,30
adaptive,medium_data_10b_chunks,sse_stream,1732126.646333382,1704329.272505565,1766724.3545810336,30
adaptive,metadata_events_tcp_chunks,sse_stream,3815497.691338798,3781104.0163075575,3862526.2149364934,30
adaptive,multiline_data_tcp_chunks,sse_stream,2469520.9599266937,2429377.4003792373,2521401.7406317308,30
adaptive,small_data_4b_chunks,sse_stream,9753978.891666668,9603547.249583334,9940901.875625001,30
adaptive,small_data_event_chunks,sse_stream,3901040.0092897722,3872799.5912651164,3949048.703138965,30
adaptive,small_data_tcp_chunks,sse_stream,3641377.993602188,3573594.524706453,3722782.4471894563,30
adaptive,small_data_whole_stream_chunk,sse_stream,3576409.784531047,3523138.61090174,3646853.605333899,30
always_inline,keepalive_4b_chunks,sse_stream,11633562.566666665,11477547.120277777,11812217.98388889,30
always_inline,keepalive_line_chunks,sse_stream,3714052.607079615,3691879.5715518454,3743704.907212041,30
always_inline,keepalive_tcp_chunks,sse_stream,981640.6962256447,964561.7686648386,1003622.3807868125,30
always_inline,keepalive_whole_stream_chunk,sse_stream,1063172.3971862523,1028803.1851124484,1107233.332250152,30
always_inline,large_data_event_chunks,sse_stream,89689.80230162005,87541.96107538343,92198.85843367944,30
always_inline,large_data_tcp_chunks,sse_stream,142201.10501834136,137712.24610515428,148345.4966825887,30
always_inline,medium_data_10b_chunks,sse_stream,2059731.287538911,2040196.7714977972,2087687.9788444152,30
always_inline,metadata_events_tcp_chunks,sse_stream,4267496.813423858,4189441.971814161,4364116.564899387,30
always_inline,multiline_data_tcp_chunks,sse_stream,2817386.107094796,2740877.7211146066,2917777.6750595993,30
always_inline,small_data_4b_chunks,sse_stream,10927273.977777777,10798723.750555554,11091804.806666665,30
always_inline,small_data_event_chunks,sse_stream,4382607.445833334,4305477.640208333,4479182.329999999,30
always_inline,small_data_tcp_chunks,sse_stream,3842157.1360729653,3790923.1681794943,3904758.78736848,30
always_inline,small_data_whole_stream_chunk,sse_stream,3810227.1105866637,3761663.637857496,3869228.02716542,30
baseline,keepalive_4b_chunks,sse_core,9336376.033333333,9076017.041041667,9640861.693958333,30
baseline,keepalive_4b_chunks,sse_stream,10051271.708333334,9854522.647083333,10274833.600625,30
baseline,keepalive_line_chunks,sse_core,3079773.5810238854,3027777.0068782223,3144698.942314694,30
baseline,keepalive_line_chunks,sse_stream,3270871.841380772,3213629.661821361,3342777.816847225,30
baseline,keepalive_tcp_chunks,sse_core,1074026.3502487133,1061368.0606525207,1094853.9992064778,30
baseline,keepalive_tcp_chunks,sse_stream,1045075.2134831544,1014740.3193482596,1083167.3296662788,30
baseline,keepalive_whole_stream_chunk,sse_core,1122356.393411848,1066054.07664231,1191140.5934781255,30
baseline,keepalive_whole_stream_chunk,sse_stream,1076957.7864948337,997114.1743624129,1187321.4607157002,30
baseline,large_data_event_chunks,sse_core,93235.4356726613,91411.17705646083,95403.13847030357,30
baseline,large_data_event_chunks,sse_stream,89349.1259087522,88039.22888903778,91123.97220421885,30
baseline,large_data_tcp_chunks,sse_core,124762.89842443974,122706.35543848018,127547.4731981079,30
baseline,large_data_tcp_chunks,sse_stream,136374.65128333072,133257.57542181344,140265.66638726473,30
baseline,medium_data_10b_chunks,sse_core,1693606.4548041762,1671793.884896584,1720186.457982332,30
baseline,medium_data_10b_chunks,sse_stream,1802053.349917847,1765522.9252581068,1848655.3898848332,30
baseline,metadata_events_tcp_chunks,sse_core,4493348.441666666,4395327.431145834,4615225.868125,30
baseline,metadata_events_tcp_chunks,sse_stream,4203563.304362815,4131577.283005216,4294316.094909736,30
baseline,multiline_data_tcp_chunks,sse_core,2775980.8940986926,2707447.534391908,2875445.9208752764,30
baseline,multiline_data_tcp_chunks,sse_stream,2964892.7860592464,2843748.0895808535,3110725.822470291,30
baseline,small_data_4b_chunks,sse_core,9080727.516666668,8909465.356666667,9296007.17,30
baseline,small_data_4b_chunks,sse_stream,10229330.233333332,10053321.657083334,10442591.522083333,30
baseline,small_data_event_chunks,sse_core,4717699.3625,4612196.7768749995,4834185.04125,30
baseline,small_data_event_chunks,sse_stream,4636502.589182357,4511755.622344114,4765641.494195368,30
baseline,small_data_tcp_chunks,sse_core,3442637.358785948,3381582.524537488,3506476.866531419,30
baseline,small_data_tcp_chunks,sse_stream,4080704.55287279,3968621.2136373967,4202320.435416392,30
baseline,small_data_whole_stream_chunk,sse_core,3460817.522900848,3382711.0690680207,3546161.5954799294,30
baseline,small_data_whole_stream_chunk,sse_stream,4081380.5039066984,3969585.3226318224,4196894.660429659,30
fused,keepalive_4b_chunks,sse_stream,10456411.491666667,10177316.464166667,10802758.830625,30
fused,keepalive_line_chunks,sse_stream,3787715.092913827,3640194.639062694,3935344.9610243444,30
fused,keepalive_tcp_chunks,sse_stream,1063960.9062546343,1020164.0840743385,1113087.5976146806,30
fused,keepalive_whole_stream_chunk,sse_stream,1045551.3595497175,981986.1103953008,1125464.0499100469,30
fused,large_data_event_chunks,sse_stream,90663.22751029507,88006.43667979923,93897.07473603569,30
fused,large_data_tcp_chunks,sse_stream,134561.85827659417,132574.00866521712,137883.17742928868,30
fused,medium_data_10b_chunks,sse_stream,1920008.6926950116,1848042.4625735532,2006131.6524706304,30
fused,metadata_events_tcp_chunks,sse_stream,4291916.979166667,4145742.3633333333,4483506.100833333,30
fused,multiline_data_tcp_chunks,sse_stream,3036430.159012814,2871435.4494631467,3232045.0985590853,30
fused,small_data_4b_chunks,sse_stream,10253303.616666667,10136280.153541667,10405245.332916668,30
fused,small_data_event_chunks,sse_stream,3790956.1204793463,3736616.4880257486,3862402.2821301273,30
fused,small_data_tcp_chunks,sse_stream,3293992.8560218285,3236826.4324920387,3367041.2748731533,30
fused,small_data_whole_stream_chunk,sse_stream,3234110.7395869,3203077.2030350463,3277589.3047677935,30
inline,keepalive_4b_chunks,sse_stream,11791360.51111111,11614663.343055557,12019558.326111112,30
inline,keepalive_line_chunks,sse_stream,3938796.619359335,3842033.981979541,4060647.7976007275,30
inline,keepalive_tcp_chunks,sse_stream,976239.884468311,965209.330481618,994894.6917606957,30
inline,keepalive_whole_stream_chunk,sse_stream,951311.820967088,933782.748499652,973354.177915598,30
inline,large_data_event_chunks,sse_stream,90064.56913070678,88118.04012438779,92536.26055738107,30
inline,large_data_tcp_chunks,sse_stream,141745.3656573018,138619.929596625,145650.6488415668,30
inline,medium_data_10b_chunks,sse_stream,2058239.2203011923,2037942.3125742755,2084274.9087754786,30
inline,metadata_events_tcp_chunks,sse_stream,4465996.249535271,4338915.640369282,4619071.544573475,30
inline,multiline_data_tcp_chunks,sse_stream,2892490.3020872115,2845414.66540018,2946254.437636605,30
inline,small_data_4b_chunks,sse_stream,11581129.888888888,11403677.593333334,11800605.04055556,30
inline,small_data_event_chunks,sse_stream,4593618.7375,4482338.038125,4717403.67875,30
inline,small_data_tcp_chunks,sse_stream,4094781.0006742394,3986014.087932703,4209868.315339986,30
inline,small_data_whole_stream_chunk,sse_stream,4058819.3775839484,3950659.513199977,4175402.6451731077,30
poll,keepalive_4b_chunks,sse_stream,9039041.733333332,8943155.017916666,9157492.069375,30
poll,keepalive_line_chunks,sse_stream,3110178.9121154593,3079748.4126126836,3150772.098397718,30
poll,keepalive_tcp_chunks,sse_stream,1029833.7320984321,1018379.2453437053,1049201.468551441,30
poll,keepalive_whole_stream_chunk,sse_stream,963528.6608339256,951208.725196881,983740.4067302741,30
poll,large_data_event_chunks,sse_stream,88558.55411976273,87091.25869961095,90433.17173001794,30
poll,large_data_tcp_chunks,sse_stream,136285.64998009228,134241.52666592062,138865.67203960856,30
poll,medium_data_10b_chunks,sse_stream,1739924.756821822,1701600.3587549147,1784992.910246923,30
poll,metadata_events_tcp_chunks,sse_stream,3903005.250280645,3862663.4336123466,3953454.264232248,30
poll,multiline_data_tcp_chunks,sse_stream,2469457.5385904075,2423710.4890673156,2533671.8512685294,30
poll,small_data_4b_chunks,sse_stream,9303879.1,9177545.305416666,9473494.289583333,30
poll,small_data_event_chunks,sse_stream,4439436.716666667,4376030.4773958335,4522898.270104167,30
poll,small_data_tcp_chunks,sse_stream,3535271.4350926075,3478681.4374673697,3605599.7628209554,30
poll,small_data_whole_stream_chunk,sse_stream,3401855.1156402356,3367247.858614832,3448635.710845608,30
scan0,keepalive_4b_chunks,sse_stream,10819199.933333335,10662628.744444443,11001368.653888887,30
scan0,keepalive_line_chunks,sse_stream,3601460.9236618713,3522904.160070687,3691069.4067023294,30
scan0,keepalive_tcp_chunks,sse_stream,1091397.9694607523,1063866.7879140559,1125716.3674895982,30
scan0,keepalive_whole_stream_chunk,sse_stream,1052049.6055130572,1032007.6099915679,1074445.7493147147,30
scan0,large_data_event_chunks,sse_stream,89502.07914627015,87538.97091941941,91905.16255775423,30
scan0,large_data_tcp_chunks,sse_stream,127381.34856966992,125340.82899422858,130010.71392560686,30
scan0,medium_data_10b_chunks,sse_stream,1900394.6949575576,1851676.7782414544,1956585.364521523,30
scan0,metadata_events_tcp_chunks,sse_stream,4141722.656771039,4012519.1491674115,4297353.157698605,30
scan0,multiline_data_tcp_chunks,sse_stream,2525188.373506783,2477266.1034497004,2592362.258734038,30
scan0,small_data_4b_chunks,sse_stream,10436127.708333334,10224981.736666666,10691921.399166666,30
scan0,small_data_event_chunks,sse_stream,4103531.086223156,4040130.1568851704,4180867.679519756,30
scan0,small_data_tcp_chunks,sse_stream,3602726.9288334236,3543619.7581608132,3679272.866887215,30
scan0,small_data_whole_stream_chunk,sse_stream,3510930.5629418166,3472258.1161889983,3558791.2173975534,30
scan4,keepalive_4b_chunks,sse_stream,10767546.108333332,10379511.071458334,11180502.951458333,30
scan4,keepalive_line_chunks,sse_stream,3614333.097617939,3537167.0592440628,3708211.5927219135,30
scan4,keepalive_tcp_chunks,sse_stream,1297881.0248360978,1275341.492541799,1326314.4684030593,30
scan4,keepalive_whole_stream_chunk,sse_stream,1260853.7686289803,1246274.0213567184,1281213.1181408265,30
scan4,large_data_event_chunks,sse_stream,90010.00644235798,87580.06838871077,93144.22616117245,30
scan4,large_data_tcp_chunks,sse_stream,134586.33262258727,130595.66815987602,139376.94892356053,30
scan4,medium_data_10b_chunks,sse_stream,1951405.1718330074,1891612.4310663317,2033941.9667896843,30
scan4,metadata_events_tcp_chunks,sse_stream,4307482.112165313,4135985.3722443823,4498640.903407978,30
scan4,multiline_data_tcp_chunks,sse_stream,2783241.0698178806,2726117.278455175,2865094.0791830304,30
scan4,small_data_4b_chunks,sse_stream,10077827.891666668,9965569.341249999,10221921.091041666,30
scan4,small_data_event_chunks,sse_stream,4608305.1,4498462.321875,4744070.902083334,30
scan4,small_data_tcp_chunks,sse_stream,3888699.7216835353,3850283.825626487,3937228.010589302,30
scan4,small_data_whole_stream_chunk,sse_stream,3874915.946248874,3810399.023136257,3956611.892959913,30
verify,extra_payload_128b_tcp,sse_baseline,2909527.9652797407,2761847.1794094397,3086032.4283652008,40
verify,extra_payload_128b_tcp,sse_core,1886135.3086250876,1825248.206643385,1969414.866955113,40
verify,extra_payload_128b_tcp,sse_stream,1745895.679494818,1685165.018152915,1822771.9812331833,40
verify,extra_payload_16b_tcp,sse_baseline,2096942.7421857412,2055986.56718503,2149934.453170095,40
verify,extra_payload_16b_tcp,sse_core,1608422.2926329973,1569281.2031485273,1657714.581351721,40
verify,extra_payload_16b_tcp,sse_stream,1419195.945400568,1392647.378450855,1453247.775990038,40
verify,extra_payload_32b_tcp,sse_baseline,2352434.77876839,2292038.1600705064,2428634.5373990396,40
verify,extra_payload_32b_tcp,sse_core,1922044.174428712,1867672.5095082219,1988636.8614785075,40
verify,extra_payload_32b_tcp,sse_stream,1502006.1881438924,1458379.0465980645,1555506.3043953204,40
verify,extra_payload_64b_tcp,sse_baseline,2361417.0530525944,2254337.7841865355,2494189.978178795,40
verify,extra_payload_64b_tcp,sse_core,1852528.9986575395,1762442.7629291748,1960611.3118237366,40
verify,extra_payload_64b_tcp,sse_stream,1604021.6978632882,1545280.366160365,1676080.257016533,40
verify,extra_small_crlf_tcp,sse_baseline,3883598.34,3810005.8730625003,3970912.870499999,40
verify,extra_small_crlf_tcp,sse_core,3746680.0880138976,3549114.881918431,3985634.861903626,40
verify,extra_small_crlf_tcp,sse_stream,3174294.1668551676,3134962.1613170914,3224964.7780959667,40
verify,extra_utf8_tcp,sse_baseline,4324539.890625,4190395.0685937502,4495458.590390625,40
verify,extra_utf8_tcp,sse_core,3723286.4028048404,3602847.7166233067,3869643.318554912,40
verify,extra_utf8_tcp,sse_stream,2975425.222472968,2897413.4005346573,3072972.59516886,40
verify,keepalive_4b_chunks,sse_baseline,10077151.875,9958336.541875,10214132.006718751,40
verify,keepalive_4b_chunks,sse_core,9243659.725,9049273.411093751,9488872.93328125,40
verify,keepalive_4b_chunks,sse_stream,8977875.895000001,8859072.75125,9112716.697500002,40
verify,keepalive_line_chunks,sse_baseline,3328645.929862677,3251583.668565814,3429505.8341279253,40
verify,keepalive_line_chunks,sse_core,3181368.0054457854,3095538.7025700454,3284110.6588944974,40
verify,keepalive_line_chunks,sse_stream,3109852.562504542,3042848.123420971,3193119.627170669,40
verify,keepalive_tcp_chunks,sse_baseline,1026155.1178194087,1005627.6347809667,1051545.164251778,40
verify,keepalive_tcp_chunks,sse_core,1115989.4126453423,1081322.4474663807,1160714.4845123917,40
verify,keepalive_tcp_chunks,sse_stream,1118451.05590966,1092865.7931637436,1149308.2001190232,40
verify,keepalive_whole_stream_chunk,sse_baseline,984612.7987780785,960784.4206263486,1020980.876100369,40
verify,keepalive_whole_stream_chunk,sse_core,1076380.0916560362,1046490.6373081055,1115711.8030865756,40
verify,keepalive_whole_stream_chunk,sse_stream,1117257.972288891,1078275.7180335068,1164230.0329278593,40
verify,large_data_event_chunks,sse_baseline,88972.98106139006,87659.44733724414,90640.30616002461,40
verify,large_data_event_chunks,sse_core,92936.3750731932,91629.84788120969,94519.4760658238,40
verify,large_data_event_chunks,sse_stream,89045.94350351942,87614.54159960218,90812.00904545817,40
verify,large_data_tcp_chunks,sse_baseline,136394.9104329894,134221.06655878323,139472.78724855647,40
verify,large_data_tcp_chunks,sse_core,129555.43464412521,125706.20195838719,134213.49062043664,40
verify,large_data_tcp_chunks,sse_stream,128915.79395127583,126504.13789210173,131711.4901042013,40
verify,medium_data_10b_chunks,sse_baseline,1807898.7715141706,1774355.2772457707,1857985.158244757,40
verify,medium_data_10b_chunks,sse_core,1746415.546247511,1692662.5269322288,1817111.042295186,40
verify,medium_data_10b_chunks,sse_stream,1695535.8281192395,1645631.7511280398,1755734.2683985548,40
verify,metadata_events_tcp_chunks,sse_baseline,4153104.4805555553,4070110.1842361107,4252871.394513887,40
verify,metadata_events_tcp_chunks,sse_core,4632846.622222221,4511547.3689583335,4778427.453541667,40
verify,metadata_events_tcp_chunks,sse_stream,3752969.2050581323,3674682.514945604,3844115.7422563937,40
verify,multiline_data_tcp_chunks,sse_baseline,2746130.934116951,2694677.2384510683,2810115.3637403394,40
verify,multiline_data_tcp_chunks,sse_core,2769176.2869447106,2700904.425100414,2856405.895347018,40
verify,multiline_data_tcp_chunks,sse_stream,2376393.9378502616,2319819.87258381,2450401.0036240276,40
verify,small_data_4b_chunks,sse_baseline,10008944.4375,9923887.3378125,10121232.7909375,40
verify,small_data_4b_chunks,sse_core,9015679.255,8865897.203750001,9197640.9025,40
verify,small_data_4b_chunks,sse_stream,8908043.364999998,8795328.899000002,9045056.1385,40
verify,small_data_event_chunks,sse_baseline,4317930.672222223,4272564.624027777,4383164.051597224,40
verify,small_data_event_chunks,sse_core,4521397.622222221,4446425.248958333,4612191.2472222205,40
verify,small_data_event_chunks,sse_stream,3715130.6272727265,3672311.4114204547,3766627.789829547,40
verify,small_data_tcp_chunks,sse_baseline,3836141.0949999997,3774318.7893750006,3911420.2811875003,40
verify,small_data_tcp_chunks,sse_core,3299610.127137451,3248425.1629642705,3365141.570533594,40
verify,small_data_tcp_chunks,sse_stream,2845115.883567162,2806506.429242832,2893351.2005872335,40
verify,small_data_whole_stream_chunk,sse_baseline,3915516.3425,3813022.880624999,4048271.5266250004,40
verify,small_data_whole_stream_chunk,sse_core,3276663.5798083805,3222223.607268354,3346030.813469375,40
verify,small_data_whole_stream_chunk,sse_stream,2789489.1750033293,2763478.8711348865,2822074.4350019465,40
