mode,scenario,variant,round,iterations,total_ns,ns_per_iteration,events
borrowed_ready,small_data_4b_chunks,baseline,0,1,5077661,5077661,100000
borrowed_ready,small_data_4b_chunks,step2,0,1,5122442,5122442,100000
borrowed_ready,small_data_4b_chunks,step1,0,1,5208894,5208894,100000
borrowed_ready,small_data_4b_chunks,core,0,1,5998426,5998426,100000
borrowed_ready,small_data_4b_chunks,step2,1,1,5053395,5053395,100000
borrowed_ready,small_data_4b_chunks,baseline,1,1,4999241,4999241,100000
borrowed_ready,small_data_4b_chunks,core,1,1,6039831,6039831,100000
borrowed_ready,small_data_4b_chunks,step1,1,1,5166409,5166409,100000
borrowed_ready,small_data_4b_chunks,step1,2,1,5196528,5196528,100000
borrowed_ready,small_data_4b_chunks,baseline,2,1,5035222,5035222,100000
borrowed_ready,small_data_4b_chunks,core,2,1,6054337,6054337,100000
borrowed_ready,small_data_4b_chunks,step2,2,1,5087353,5087353,100000
borrowed_ready,small_data_4b_chunks,step2,3,1,5086346,5086346,100000
borrowed_ready,small_data_4b_chunks,core,3,1,6056703,6056703,100000
borrowed_ready,small_data_4b_chunks,step1,3,1,5229747,5229747,100000
borrowed_ready,small_data_4b_chunks,baseline,3,1,5011195,5011195,100000
borrowed_ready,small_data_4b_chunks,baseline,4,1,4970561,4970561,100000
borrowed_ready,small_data_4b_chunks,core,4,1,6158018,6158018,100000
borrowed_ready,small_data_4b_chunks,step1,4,1,5217135,5217135,100000
borrowed_ready,small_data_4b_chunks,step2,4,1,5076749,5076749,100000
borrowed_ready,small_data_4b_chunks,core,5,1,5935434,5935434,100000
borrowed_ready,small_data_4b_chunks,baseline,5,1,5038274,5038274,100000
borrowed_ready,small_data_4b_chunks,step2,5,1,5066237,5066237,100000
borrowed_ready,small_data_4b_chunks,step1,5,1,5194212,5194212,100000
borrowed_ready,small_data_4b_chunks,step1,6,1,5130444,5130444,100000
borrowed_ready,small_data_4b_chunks,baseline,6,1,5075386,5075386,100000
borrowed_ready,small_data_4b_chunks,step2,6,1,5090795,5090795,100000
borrowed_ready,small_data_4b_chunks,core,6,1,6108772,6108772,100000
borrowed_ready,small_data_4b_chunks,baseline,7,1,5086254,5086254,100000
borrowed_ready,small_data_4b_chunks,core,7,1,6048176,6048176,100000
borrowed_ready,small_data_4b_chunks,step1,7,1,5222594,5222594,100000
borrowed_ready,small_data_4b_chunks,step2,7,1,5100146,5100146,100000
borrowed_ready,small_data_4b_chunks,baseline,8,1,5027317,5027317,100000
borrowed_ready,small_data_4b_chunks,step2,8,1,5059790,5059790,100000
borrowed_ready,small_data_4b_chunks,core,8,1,5993886,5993886,100000
borrowed_ready,small_data_4b_chunks,step1,8,1,5177961,5177961,100000
borrowed_ready,small_data_4b_chunks,core,9,1,5989372,5989372,100000
borrowed_ready,small_data_4b_chunks,step1,9,1,5198085,5198085,100000
borrowed_ready,small_data_4b_chunks,baseline,9,1,5076097,5076097,100000
borrowed_ready,small_data_4b_chunks,step2,9,1,5084054,5084054,100000
borrowed_ready,small_data_4b_chunks,step1,10,1,5192718,5192718,100000
borrowed_ready,small_data_4b_chunks,step2,10,1,5045149,5045149,100000
borrowed_ready,small_data_4b_chunks,core,10,1,5946927,5946927,100000
borrowed_ready,small_data_4b_chunks,baseline,10,1,5033270,5033270,100000
borrowed_ready,small_data_4b_chunks,step2,11,1,5044125,5044125,100000
borrowed_ready,small_data_4b_chunks,core,11,1,6068764,6068764,100000
borrowed_ready,small_data_4b_chunks,baseline,11,1,5035611,5035611,100000
borrowed_ready,small_data_4b_chunks,step1,11,1,5272971,5272971,100000
borrowed_ready,small_data_4b_chunks,step1,12,1,5181760,5181760,100000
borrowed_ready,small_data_4b_chunks,step2,12,1,5065771,5065771,100000
borrowed_ready,small_data_4b_chunks,core,12,1,6170760,6170760,100000
borrowed_ready,small_data_4b_chunks,baseline,12,1,5037277,5037277,100000
borrowed_ready,small_data_4b_chunks,step2,13,1,5063066,5063066,100000
borrowed_ready,small_data_4b_chunks,core,13,1,5938545,5938545,100000
borrowed_ready,small_data_4b_chunks,step1,13,1,5211973,5211973,100000
borrowed_ready,small_data_4b_chunks,baseline,13,1,5021929,5021929,100000
borrowed_ready,small_data_4b_chunks,step2,14,1,5083972,5083972,100000
borrowed_ready,small_data_4b_chunks,core,14,1,5896854,5896854,100000
borrowed_ready,small_data_4b_chunks,baseline,14,1,4970494,4970494,100000
borrowed_ready,small_data_4b_chunks,step1,14,1,5180930,5180930,100000
borrowed_ready,small_data_4b_chunks,step2,15,1,5077041,5077041,100000
borrowed_ready,small_data_4b_chunks,baseline,15,1,4986554,4986554,100000
borrowed_ready,small_data_4b_chunks,step1,15,1,5176688,5176688,100000
borrowed_ready,small_data_4b_chunks,core,15,1,6104861,6104861,100000
borrowed_ready,small_data_4b_chunks,step1,16,1,5227586,5227586,100000
borrowed_ready,small_data_4b_chunks,step2,16,1,5116855,5116855,100000
borrowed_ready,small_data_4b_chunks,core,16,1,6123434,6123434,100000
borrowed_ready,small_data_4b_chunks,baseline,16,1,5105126,5105126,100000
borrowed_ready,small_data_4b_chunks,step2,17,1,5152894,5152894,100000
borrowed_ready,small_data_4b_chunks,core,17,1,6098075,6098075,100000
borrowed_ready,small_data_4b_chunks,step1,17,1,5230966,5230966,100000
borrowed_ready,small_data_4b_chunks,baseline,17,1,5008989,5008989,100000
borrowed_ready,small_data_4b_chunks,core,18,1,6001055,6001055,100000
borrowed_ready,small_data_4b_chunks,step1,18,1,5180364,5180364,100000
borrowed_ready,small_data_4b_chunks,step2,18,1,5098005,5098005,100000
borrowed_ready,small_data_4b_chunks,baseline,18,1,4999277,4999277,100000
borrowed_ready,small_data_4b_chunks,step1,19,1,5142858,5142858,100000
borrowed_ready,small_data_4b_chunks,baseline,19,1,5058315,5058315,100000
borrowed_ready,small_data_4b_chunks,step2,19,1,5043394,5043394,100000
borrowed_ready,small_data_4b_chunks,core,19,1,6029378,6029378,100000
borrowed_ready,small_data_4b_chunks,step1,20,1,5203632,5203632,100000
borrowed_ready,small_data_4b_chunks,core,20,1,5998765,5998765,100000
borrowed_ready,small_data_4b_chunks,baseline,20,1,5010283,5010283,100000
borrowed_ready,small_data_4b_chunks,step2,20,1,5068775,5068775,100000
borrowed_ready,small_data_4b_chunks,baseline,21,1,5008582,5008582,100000
borrowed_ready,small_data_4b_chunks,step1,21,1,5183769,5183769,100000
borrowed_ready,small_data_4b_chunks,core,21,1,5976668,5976668,100000
borrowed_ready,small_data_4b_chunks,step2,21,1,5065681,5065681,100000
borrowed_ready,small_data_4b_chunks,core,22,1,6058442,6058442,100000
borrowed_ready,small_data_4b_chunks,step1,22,1,5361131,5361131,100000
borrowed_ready,small_data_4b_chunks,step2,22,1,5132447,5132447,100000
borrowed_ready,small_data_4b_chunks,baseline,22,1,5045321,5045321,100000
borrowed_ready,small_data_4b_chunks,step1,23,1,5206343,5206343,100000
borrowed_ready,small_data_4b_chunks,baseline,23,1,5038055,5038055,100000
borrowed_ready,small_data_4b_chunks,step2,23,1,5049345,5049345,100000
borrowed_ready,small_data_4b_chunks,core,23,1,6031090,6031090,100000
borrowed_ready,small_data_4b_chunks,baseline,24,1,4997466,4997466,100000
borrowed_ready,small_data_4b_chunks,step2,24,1,5056660,5056660,100000
borrowed_ready,small_data_4b_chunks,step1,24,1,5174768,5174768,100000
borrowed_ready,small_data_4b_chunks,core,24,1,6071870,6071870,100000
borrowed_ready,small_data_4b_chunks,core,25,1,5946033,5946033,100000
borrowed_ready,small_data_4b_chunks,step1,25,1,5197953,5197953,100000
borrowed_ready,small_data_4b_chunks,baseline,25,1,5079233,5079233,100000
borrowed_ready,small_data_4b_chunks,step2,25,1,5085918,5085918,100000
borrowed_ready,small_data_4b_chunks,core,26,1,6164490,6164490,100000
borrowed_ready,small_data_4b_chunks,step2,26,1,5077768,5077768,100000
borrowed_ready,small_data_4b_chunks,step1,26,1,5169216,5169216,100000
borrowed_ready,small_data_4b_chunks,baseline,26,1,4993396,4993396,100000
borrowed_ready,small_data_4b_chunks,baseline,27,1,4981156,4981156,100000
borrowed_ready,small_data_4b_chunks,step1,27,1,5185650,5185650,100000
borrowed_ready,small_data_4b_chunks,step2,27,1,5040835,5040835,100000
borrowed_ready,small_data_4b_chunks,core,27,1,5960556,5960556,100000
borrowed_ready,small_data_4b_chunks,step2,28,1,5066100,5066100,100000
borrowed_ready,small_data_4b_chunks,step1,28,1,5200540,5200540,100000
borrowed_ready,small_data_4b_chunks,core,28,1,6003108,6003108,100000
borrowed_ready,small_data_4b_chunks,baseline,28,1,5030707,5030707,100000
borrowed_ready,small_data_4b_chunks,step1,29,1,5226305,5226305,100000
borrowed_ready,small_data_4b_chunks,baseline,29,1,4984120,4984120,100000
borrowed_ready,small_data_4b_chunks,core,29,1,5937214,5937214,100000
borrowed_ready,small_data_4b_chunks,step2,29,1,5076178,5076178,100000
borrowed_ready,small_data_4b_chunks,step1,30,1,5225436,5225436,100000
borrowed_ready,small_data_4b_chunks,step2,30,1,5109564,5109564,100000
borrowed_ready,small_data_4b_chunks,baseline,30,1,5014114,5014114,100000
borrowed_ready,small_data_4b_chunks,core,30,1,6140212,6140212,100000
borrowed_ready,metadata_events_tcp_chunks,baseline,0,1,4740554,4740554,50000
borrowed_ready,metadata_events_tcp_chunks,step2,0,1,4935253,4935253,50000
borrowed_ready,metadata_events_tcp_chunks,step1,0,1,4877211,4877211,50000
borrowed_ready,metadata_events_tcp_chunks,core,0,1,5416913,5416913,50000
borrowed_ready,metadata_events_tcp_chunks,step2,1,1,5329219,5329219,50000
borrowed_ready,metadata_events_tcp_chunks,baseline,1,1,4937195,4937195,50000
borrowed_ready,metadata_events_tcp_chunks,core,1,1,5523831,5523831,50000
borrowed_ready,metadata_events_tcp_chunks,step1,1,1,5143773,5143773,50000
borrowed_ready,metadata_events_tcp_chunks,step1,2,1,4920565,4920565,50000
borrowed_ready,metadata_events_tcp_chunks,baseline,2,1,5113743,5113743,50000
borrowed_ready,metadata_events_tcp_chunks,core,2,1,5560036,5560036,50000
borrowed_ready,metadata_events_tcp_chunks,step2,2,1,5220799,5220799,50000
borrowed_ready,metadata_events_tcp_chunks,step2,3,1,4962561,4962561,50000
borrowed_ready,metadata_events_tcp_chunks,core,3,1,5712546,5712546,50000
borrowed_ready,metadata_events_tcp_chunks,step1,3,1,5163496,5163496,50000
borrowed_ready,metadata_events_tcp_chunks,baseline,3,1,4347020,4347020,50000
borrowed_ready,metadata_events_tcp_chunks,baseline,4,1,4025862,4025862,50000
borrowed_ready,metadata_events_tcp_chunks,core,4,1,4505114,4505114,50000
borrowed_ready,metadata_events_tcp_chunks,step1,4,1,4337880,4337880,50000
borrowed_ready,metadata_events_tcp_chunks,step2,4,1,4111740,4111740,50000
borrowed_ready,metadata_events_tcp_chunks,core,5,1,4576000,4576000,50000
borrowed_ready,metadata_events_tcp_chunks,baseline,5,1,4022575,4022575,50000
borrowed_ready,metadata_events_tcp_chunks,step2,5,1,4063381,4063381,50000
borrowed_ready,metadata_events_tcp_chunks,step1,5,1,4207336,4207336,50000
borrowed_ready,metadata_events_tcp_chunks,step1,6,1,4480731,4480731,50000
borrowed_ready,metadata_events_tcp_chunks,baseline,6,1,4251794,4251794,50000
borrowed_ready,metadata_events_tcp_chunks,step2,6,1,4188835,4188835,50000
borrowed_ready,metadata_events_tcp_chunks,core,6,1,4546091,4546091,50000
borrowed_ready,metadata_events_tcp_chunks,baseline,7,1,4039231,4039231,50000
borrowed_ready,metadata_events_tcp_chunks,core,7,1,4449328,4449328,50000
borrowed_ready,metadata_events_tcp_chunks,step1,7,1,4122745,4122745,50000
borrowed_ready,metadata_events_tcp_chunks,step2,7,1,4095360,4095360,50000
borrowed_ready,metadata_events_tcp_chunks,baseline,8,1,3990518,3990518,50000
borrowed_ready,metadata_events_tcp_chunks,step2,8,1,4073190,4073190,50000
borrowed_ready,metadata_events_tcp_chunks,core,8,1,4509942,4509942,50000
borrowed_ready,metadata_events_tcp_chunks,step1,8,1,4174798,4174798,50000
borrowed_ready,metadata_events_tcp_chunks,core,9,1,4508324,4508324,50000
borrowed_ready,metadata_events_tcp_chunks,step1,9,1,4182955,4182955,50000
borrowed_ready,metadata_events_tcp_chunks,baseline,9,1,4098369,4098369,50000
borrowed_ready,metadata_events_tcp_chunks,step2,9,1,4105285,4105285,50000
borrowed_ready,metadata_events_tcp_chunks,step1,10,1,4167699,4167699,50000
borrowed_ready,metadata_events_tcp_chunks,step2,10,1,4065046,4065046,50000
borrowed_ready,metadata_events_tcp_chunks,core,10,1,4522909,4522909,50000
borrowed_ready,metadata_events_tcp_chunks,baseline,10,1,3976829,3976829,50000
borrowed_ready,metadata_events_tcp_chunks,step2,11,1,4073293,4073293,50000
borrowed_ready,metadata_events_tcp_chunks,core,11,1,4468777,4468777,50000
borrowed_ready,metadata_events_tcp_chunks,baseline,11,1,3990321,3990321,50000
borrowed_ready,metadata_events_tcp_chunks,step1,11,1,4198796,4198796,50000
borrowed_ready,metadata_events_tcp_chunks,step1,12,1,4139477,4139477,50000
borrowed_ready,metadata_events_tcp_chunks,step2,12,1,4042911,4042911,50000
borrowed_ready,metadata_events_tcp_chunks,core,12,1,4440469,4440469,50000
borrowed_ready,metadata_events_tcp_chunks,baseline,12,1,3970160,3970160,50000
borrowed_ready,metadata_events_tcp_chunks,step2,13,1,4059926,4059926,50000
borrowed_ready,metadata_events_tcp_chunks,core,13,1,4503724,4503724,50000
borrowed_ready,metadata_events_tcp_chunks,step1,13,1,4228554,4228554,50000
borrowed_ready,metadata_events_tcp_chunks,baseline,13,1,4146528,4146528,50000
borrowed_ready,metadata_events_tcp_chunks,step2,14,1,4179210,4179210,50000
borrowed_ready,metadata_events_tcp_chunks,core,14,1,4569467,4569467,50000
borrowed_ready,metadata_events_tcp_chunks,baseline,14,1,4036645,4036645,50000
borrowed_ready,metadata_events_tcp_chunks,step1,14,1,4168019,4168019,50000
borrowed_ready,metadata_events_tcp_chunks,step2,15,1,4082917,4082917,50000
borrowed_ready,metadata_events_tcp_chunks,baseline,15,1,3960601,3960601,50000
borrowed_ready,metadata_events_tcp_chunks,step1,15,1,4201847,4201847,50000
borrowed_ready,metadata_events_tcp_chunks,core,15,1,4504622,4504622,50000
borrowed_ready,metadata_events_tcp_chunks,step1,16,1,4250773,4250773,50000
borrowed_ready,metadata_events_tcp_chunks,step2,16,1,4049326,4049326,50000
borrowed_ready,metadata_events_tcp_chunks,core,16,1,4555295,4555295,50000
borrowed_ready,metadata_events_tcp_chunks,baseline,16,1,3954857,3954857,50000
borrowed_ready,metadata_events_tcp_chunks,step2,17,1,4030678,4030678,50000
borrowed_ready,metadata_events_tcp_chunks,core,17,1,4489740,4489740,50000
borrowed_ready,metadata_events_tcp_chunks,step1,17,1,4201948,4201948,50000
borrowed_ready,metadata_events_tcp_chunks,baseline,17,1,4017362,4017362,50000
borrowed_ready,metadata_events_tcp_chunks,core,18,1,4492584,4492584,50000
borrowed_ready,metadata_events_tcp_chunks,step1,18,1,4111078,4111078,50000
borrowed_ready,metadata_events_tcp_chunks,step2,18,1,4053150,4053150,50000
borrowed_ready,metadata_events_tcp_chunks,baseline,18,1,3963068,3963068,50000
borrowed_ready,metadata_events_tcp_chunks,step1,19,1,4194691,4194691,50000
borrowed_ready,metadata_events_tcp_chunks,baseline,19,1,3962450,3962450,50000
borrowed_ready,metadata_events_tcp_chunks,step2,19,1,4072075,4072075,50000
borrowed_ready,metadata_events_tcp_chunks,core,19,1,4500235,4500235,50000
borrowed_ready,metadata_events_tcp_chunks,step1,20,1,4147322,4147322,50000
borrowed_ready,metadata_events_tcp_chunks,core,20,1,4487848,4487848,50000
borrowed_ready,metadata_events_tcp_chunks,baseline,20,1,4006134,4006134,50000
borrowed_ready,metadata_events_tcp_chunks,step2,20,1,4080586,4080586,50000
borrowed_ready,metadata_events_tcp_chunks,baseline,21,1,4015483,4015483,50000
borrowed_ready,metadata_events_tcp_chunks,step1,21,1,4206057,4206057,50000
borrowed_ready,metadata_events_tcp_chunks,core,21,1,4506110,4506110,50000
borrowed_ready,metadata_events_tcp_chunks,step2,21,1,4042107,4042107,50000
borrowed_ready,metadata_events_tcp_chunks,core,22,1,4491844,4491844,50000
borrowed_ready,metadata_events_tcp_chunks,step1,22,1,4177967,4177967,50000
borrowed_ready,metadata_events_tcp_chunks,step2,22,1,4124728,4124728,50000
borrowed_ready,metadata_events_tcp_chunks,baseline,22,1,3988847,3988847,50000
borrowed_ready,metadata_events_tcp_chunks,step1,23,1,4066737,4066737,50000
borrowed_ready,metadata_events_tcp_chunks,baseline,23,1,3991982,3991982,50000
borrowed_ready,metadata_events_tcp_chunks,step2,23,1,4049488,4049488,50000
borrowed_ready,metadata_events_tcp_chunks,core,23,1,4481845,4481845,50000
borrowed_ready,metadata_events_tcp_chunks,baseline,24,1,3966043,3966043,50000
borrowed_ready,metadata_events_tcp_chunks,step2,24,1,4048425,4048425,50000
borrowed_ready,metadata_events_tcp_chunks,step1,24,1,4137370,4137370,50000
borrowed_ready,metadata_events_tcp_chunks,core,24,1,4477971,4477971,50000
borrowed_ready,metadata_events_tcp_chunks,core,25,1,4477144,4477144,50000
borrowed_ready,metadata_events_tcp_chunks,step1,25,1,4213176,4213176,50000
borrowed_ready,metadata_events_tcp_chunks,baseline,25,1,4019046,4019046,50000
borrowed_ready,metadata_events_tcp_chunks,step2,25,1,4060116,4060116,50000
borrowed_ready,metadata_events_tcp_chunks,core,26,1,4444244,4444244,50000
borrowed_ready,metadata_events_tcp_chunks,step2,26,1,4078329,4078329,50000
borrowed_ready,metadata_events_tcp_chunks,step1,26,1,4195197,4195197,50000
borrowed_ready,metadata_events_tcp_chunks,baseline,26,1,3993957,3993957,50000
borrowed_ready,metadata_events_tcp_chunks,baseline,27,1,3991692,3991692,50000
borrowed_ready,metadata_events_tcp_chunks,step1,27,1,4149796,4149796,50000
borrowed_ready,metadata_events_tcp_chunks,step2,27,1,4081606,4081606,50000
borrowed_ready,metadata_events_tcp_chunks,core,27,1,4490458,4490458,50000
borrowed_ready,metadata_events_tcp_chunks,step2,28,1,4034205,4034205,50000
borrowed_ready,metadata_events_tcp_chunks,step1,28,1,4132159,4132159,50000
borrowed_ready,metadata_events_tcp_chunks,core,28,1,4482809,4482809,50000
borrowed_ready,metadata_events_tcp_chunks,baseline,28,1,3973958,3973958,50000
borrowed_ready,metadata_events_tcp_chunks,step1,29,1,4123112,4123112,50000
borrowed_ready,metadata_events_tcp_chunks,baseline,29,1,3948175,3948175,50000
borrowed_ready,metadata_events_tcp_chunks,core,29,1,4494780,4494780,50000
borrowed_ready,metadata_events_tcp_chunks,step2,29,1,4055398,4055398,50000
borrowed_ready,metadata_events_tcp_chunks,step1,30,1,4137867,4137867,50000
borrowed_ready,metadata_events_tcp_chunks,step2,30,1,4064184,4064184,50000
borrowed_ready,metadata_events_tcp_chunks,baseline,30,1,3951439,3951439,50000
borrowed_ready,metadata_events_tcp_chunks,core,30,1,4532176,4532176,50000
borrowed_ready,keepalive_4b_chunks,baseline,0,1,2995300,2995300,0
borrowed_ready,keepalive_4b_chunks,step2,0,1,2959860,2959860,0
borrowed_ready,keepalive_4b_chunks,step1,0,1,3608603,3608603,0
borrowed_ready,keepalive_4b_chunks,core,0,1,4526208,4526208,0
borrowed_ready,keepalive_4b_chunks,step2,1,1,2940000,2940000,0
borrowed_ready,keepalive_4b_chunks,baseline,1,1,2964466,2964466,0
borrowed_ready,keepalive_4b_chunks,core,1,1,4462662,4462662,0
borrowed_ready,keepalive_4b_chunks,step1,1,1,3679700,3679700,0
borrowed_ready,keepalive_4b_chunks,step1,2,1,3652003,3652003,0
borrowed_ready,keepalive_4b_chunks,baseline,2,1,3071005,3071005,0
borrowed_ready,keepalive_4b_chunks,core,2,1,4535533,4535533,0
borrowed_ready,keepalive_4b_chunks,step2,2,1,2997599,2997599,0
borrowed_ready,keepalive_4b_chunks,step2,3,1,2941238,2941238,0
borrowed_ready,keepalive_4b_chunks,core,3,1,4527281,4527281,0
borrowed_ready,keepalive_4b_chunks,step1,3,1,3638208,3638208,0
borrowed_ready,keepalive_4b_chunks,baseline,3,1,2995228,2995228,0
borrowed_ready,keepalive_4b_chunks,baseline,4,1,2969461,2969461,0
borrowed_ready,keepalive_4b_chunks,core,4,1,4562218,4562218,0
borrowed_ready,keepalive_4b_chunks,step1,4,1,3641300,3641300,0
borrowed_ready,keepalive_4b_chunks,step2,4,1,3008076,3008076,0
borrowed_ready,keepalive_4b_chunks,core,5,1,4649042,4649042,0
borrowed_ready,keepalive_4b_chunks,baseline,5,1,3000039,3000039,0
borrowed_ready,keepalive_4b_chunks,step2,5,1,3052566,3052566,0
borrowed_ready,keepalive_4b_chunks,step1,5,1,3692821,3692821,0
borrowed_ready,keepalive_4b_chunks,step1,6,1,3661247,3661247,0
borrowed_ready,keepalive_4b_chunks,baseline,6,1,3063552,3063552,0
borrowed_ready,keepalive_4b_chunks,step2,6,1,2979539,2979539,0
borrowed_ready,keepalive_4b_chunks,core,6,1,4652976,4652976,0
borrowed_ready,keepalive_4b_chunks,baseline,7,1,2983926,2983926,0
borrowed_ready,keepalive_4b_chunks,core,7,1,4634278,4634278,0
borrowed_ready,keepalive_4b_chunks,step1,7,1,3625506,3625506,0
borrowed_ready,keepalive_4b_chunks,step2,7,1,3032862,3032862,0
borrowed_ready,keepalive_4b_chunks,baseline,8,1,3062013,3062013,0
borrowed_ready,keepalive_4b_chunks,step2,8,1,2964493,2964493,0
borrowed_ready,keepalive_4b_chunks,core,8,1,4472572,4472572,0
borrowed_ready,keepalive_4b_chunks,step1,8,1,3611978,3611978,0
borrowed_ready,keepalive_4b_chunks,core,9,1,4731170,4731170,0
borrowed_ready,keepalive_4b_chunks,step1,9,1,3562145,3562145,0
borrowed_ready,keepalive_4b_chunks,baseline,9,1,3044691,3044691,0
borrowed_ready,keepalive_4b_chunks,step2,9,1,2939376,2939376,0
borrowed_ready,keepalive_4b_chunks,step1,10,1,3732957,3732957,0
borrowed_ready,keepalive_4b_chunks,step2,10,1,2965227,2965227,0
borrowed_ready,keepalive_4b_chunks,core,10,1,4495524,4495524,0
borrowed_ready,keepalive_4b_chunks,baseline,10,1,2962276,2962276,0
borrowed_ready,keepalive_4b_chunks,step2,11,1,3059233,3059233,0
borrowed_ready,keepalive_4b_chunks,core,11,1,4472093,4472093,0
borrowed_ready,keepalive_4b_chunks,baseline,11,1,3005395,3005395,0
borrowed_ready,keepalive_4b_chunks,step1,11,1,3734419,3734419,0
borrowed_ready,keepalive_4b_chunks,step1,12,1,3742715,3742715,0
borrowed_ready,keepalive_4b_chunks,step2,12,1,3030078,3030078,0
borrowed_ready,keepalive_4b_chunks,core,12,1,4638407,4638407,0
borrowed_ready,keepalive_4b_chunks,baseline,12,1,3084838,3084838,0
borrowed_ready,keepalive_4b_chunks,step2,13,1,2973370,2973370,0
borrowed_ready,keepalive_4b_chunks,core,13,1,4379782,4379782,0
borrowed_ready,keepalive_4b_chunks,step1,13,1,3713497,3713497,0
borrowed_ready,keepalive_4b_chunks,baseline,13,1,3028945,3028945,0
borrowed_ready,keepalive_4b_chunks,step2,14,1,2864269,2864269,0
borrowed_ready,keepalive_4b_chunks,core,14,1,4470703,4470703,0
borrowed_ready,keepalive_4b_chunks,baseline,14,1,2984125,2984125,0
borrowed_ready,keepalive_4b_chunks,step1,14,1,3720898,3720898,0
borrowed_ready,keepalive_4b_chunks,step2,15,1,3062159,3062159,0
borrowed_ready,keepalive_4b_chunks,baseline,15,1,2945578,2945578,0
borrowed_ready,keepalive_4b_chunks,step1,15,1,3706005,3706005,0
borrowed_ready,keepalive_4b_chunks,core,15,1,4572563,4572563,0
borrowed_ready,keepalive_4b_chunks,step1,16,1,3704136,3704136,0
borrowed_ready,keepalive_4b_chunks,step2,16,1,3029649,3029649,0
borrowed_ready,keepalive_4b_chunks,core,16,1,4410407,4410407,0
borrowed_ready,keepalive_4b_chunks,baseline,16,1,3070743,3070743,0
borrowed_ready,keepalive_4b_chunks,step2,17,1,2933024,2933024,0
borrowed_ready,keepalive_4b_chunks,core,17,1,4393409,4393409,0
borrowed_ready,keepalive_4b_chunks,step1,17,1,3647494,3647494,0
borrowed_ready,keepalive_4b_chunks,baseline,17,1,3035397,3035397,0
borrowed_ready,keepalive_4b_chunks,core,18,1,4694552,4694552,0
borrowed_ready,keepalive_4b_chunks,step1,18,1,3636102,3636102,0
borrowed_ready,keepalive_4b_chunks,step2,18,1,2925011,2925011,0
borrowed_ready,keepalive_4b_chunks,baseline,18,1,3080200,3080200,0
borrowed_ready,keepalive_4b_chunks,step1,19,1,3601793,3601793,0
borrowed_ready,keepalive_4b_chunks,baseline,19,1,3030064,3030064,0
borrowed_ready,keepalive_4b_chunks,step2,19,1,2966213,2966213,0
borrowed_ready,keepalive_4b_chunks,core,19,1,4609098,4609098,0
borrowed_ready,keepalive_4b_chunks,step1,20,1,3665436,3665436,0
borrowed_ready,keepalive_4b_chunks,core,20,1,4409194,4409194,0
borrowed_ready,keepalive_4b_chunks,baseline,20,1,2999604,2999604,0
borrowed_ready,keepalive_4b_chunks,step2,20,1,2962015,2962015,0
borrowed_ready,keepalive_4b_chunks,baseline,21,1,2993264,2993264,0
borrowed_ready,keepalive_4b_chunks,step1,21,1,3659611,3659611,0
borrowed_ready,keepalive_4b_chunks,core,21,1,4616007,4616007,0
borrowed_ready,keepalive_4b_chunks,step2,21,1,3098242,3098242,0
borrowed_ready,keepalive_4b_chunks,core,22,1,4460992,4460992,0
borrowed_ready,keepalive_4b_chunks,step1,22,1,3579694,3579694,0
borrowed_ready,keepalive_4b_chunks,step2,22,1,2992296,2992296,0
borrowed_ready,keepalive_4b_chunks,baseline,22,1,2992792,2992792,0
borrowed_ready,keepalive_4b_chunks,step1,23,1,3606133,3606133,0
borrowed_ready,keepalive_4b_chunks,baseline,23,1,3023811,3023811,0
borrowed_ready,keepalive_4b_chunks,step2,23,1,2930276,2930276,0
borrowed_ready,keepalive_4b_chunks,core,23,1,4448634,4448634,0
borrowed_ready,keepalive_4b_chunks,baseline,24,1,2971095,2971095,0
borrowed_ready,keepalive_4b_chunks,step2,24,1,2950819,2950819,0
borrowed_ready,keepalive_4b_chunks,step1,24,1,3557310,3557310,0
borrowed_ready,keepalive_4b_chunks,core,24,1,4425402,4425402,0
borrowed_ready,keepalive_4b_chunks,core,25,1,4306439,4306439,0
borrowed_ready,keepalive_4b_chunks,step1,25,1,3578746,3578746,0
borrowed_ready,keepalive_4b_chunks,baseline,25,1,3048449,3048449,0
borrowed_ready,keepalive_4b_chunks,step2,25,1,2992911,2992911,0
borrowed_ready,keepalive_4b_chunks,core,26,1,4780313,4780313,0
borrowed_ready,keepalive_4b_chunks,step2,26,1,2942722,2942722,0
borrowed_ready,keepalive_4b_chunks,step1,26,1,3613479,3613479,0
borrowed_ready,keepalive_4b_chunks,baseline,26,1,3064223,3064223,0
borrowed_ready,keepalive_4b_chunks,baseline,27,1,2991808,2991808,0
borrowed_ready,keepalive_4b_chunks,step1,27,1,3643397,3643397,0
borrowed_ready,keepalive_4b_chunks,step2,27,1,3003980,3003980,0
borrowed_ready,keepalive_4b_chunks,core,27,1,4741659,4741659,0
borrowed_ready,keepalive_4b_chunks,step2,28,1,3401775,3401775,0
borrowed_ready,keepalive_4b_chunks,step1,28,1,4360025,4360025,0
borrowed_ready,keepalive_4b_chunks,core,28,1,5996876,5996876,0
borrowed_ready,keepalive_4b_chunks,baseline,28,1,4503385,4503385,0
borrowed_ready,keepalive_4b_chunks,step1,29,1,4237952,4237952,0
borrowed_ready,keepalive_4b_chunks,baseline,29,1,4062383,4062383,0
borrowed_ready,keepalive_4b_chunks,core,29,1,5357096,5357096,0
borrowed_ready,keepalive_4b_chunks,step2,29,1,3838205,3838205,0
borrowed_ready,keepalive_4b_chunks,step1,30,1,4462555,4462555,0
borrowed_ready,keepalive_4b_chunks,step2,30,1,4574282,4574282,0
borrowed_ready,keepalive_4b_chunks,baseline,30,1,4513283,4513283,0
borrowed_ready,keepalive_4b_chunks,core,30,1,5478079,5478079,0
borrowed_ready,medium_data_10b_chunks,baseline,0,2,2198934,1099467,256
borrowed_ready,medium_data_10b_chunks,step2,0,2,2152109,1076054.5,256
borrowed_ready,medium_data_10b_chunks,step1,0,3,2924428,974809.3333333334,256
borrowed_ready,medium_data_10b_chunks,core,0,2,2929349,1464674.5,256
borrowed_ready,medium_data_10b_chunks,step2,1,2,2121269,1060634.5,256
borrowed_ready,medium_data_10b_chunks,baseline,1,2,2123515,1061757.5,256
borrowed_ready,medium_data_10b_chunks,core,1,2,3253429,1626714.5,256
borrowed_ready,medium_data_10b_chunks,step1,1,3,2883043,961014.3333333334,256
borrowed_ready,medium_data_10b_chunks,step1,2,3,3011647,1003882.3333333334,256
borrowed_ready,medium_data_10b_chunks,baseline,2,2,1798843,899421.5,256
borrowed_ready,medium_data_10b_chunks,core,2,2,2351830,1175915,256
borrowed_ready,medium_data_10b_chunks,step2,2,2,1653315,826657.5,256
borrowed_ready,medium_data_10b_chunks,step2,3,2,1754774,877387,256
borrowed_ready,medium_data_10b_chunks,core,3,2,2524047,1262023.5,256
borrowed_ready,medium_data_10b_chunks,step1,3,3,2465497,821832.3333333334,256
borrowed_ready,medium_data_10b_chunks,baseline,3,2,1730329,865164.5,256
borrowed_ready,medium_data_10b_chunks,baseline,4,2,1727878,863939,256
borrowed_ready,medium_data_10b_chunks,core,4,2,2373336,1186668,256
borrowed_ready,medium_data_10b_chunks,step1,4,3,2465429,821809.6666666666,256
borrowed_ready,medium_data_10b_chunks,step2,4,2,1731392,865696,256
borrowed_ready,medium_data_10b_chunks,core,5,2,2340160,1170080,256
borrowed_ready,medium_data_10b_chunks,baseline,5,2,1725168,862584,256
borrowed_ready,medium_data_10b_chunks,step2,5,2,1752029,876014.5,256
borrowed_ready,medium_data_10b_chunks,step1,5,3,2817006,939002,256
borrowed_ready,medium_data_10b_chunks,step1,6,3,2472294,824098,256
borrowed_ready,medium_data_10b_chunks,baseline,6,2,1739859,869929.5,256
borrowed_ready,medium_data_10b_chunks,step2,6,2,1730292,865146,256
borrowed_ready,medium_data_10b_chunks,core,6,2,2366997,1183498.5,256
borrowed_ready,medium_data_10b_chunks,baseline,7,2,1740788,870394,256
borrowed_ready,medium_data_10b_chunks,core,7,2,2373700,1186850,256
borrowed_ready,medium_data_10b_chunks,step1,7,3,2442614,814204.6666666666,256
borrowed_ready,medium_data_10b_chunks,step2,7,2,1975615,987807.5,256
borrowed_ready,medium_data_10b_chunks,baseline,8,2,1993592,996796,256
borrowed_ready,medium_data_10b_chunks,step2,8,2,1785779,892889.5,256
borrowed_ready,medium_data_10b_chunks,core,8,2,2382658,1191329,256
borrowed_ready,medium_data_10b_chunks,step1,8,3,2444562,814854,256
borrowed_ready,medium_data_10b_chunks,core,9,2,2373362,1186681,256
borrowed_ready,medium_data_10b_chunks,step1,9,3,2438523,812841,256
borrowed_ready,medium_data_10b_chunks,baseline,9,2,1780319,890159.5,256
borrowed_ready,medium_data_10b_chunks,step2,9,2,1746213,873106.5,256
borrowed_ready,medium_data_10b_chunks,step1,10,3,2462973,820991,256
borrowed_ready,medium_data_10b_chunks,step2,10,2,1831386,915693,256
borrowed_ready,medium_data_10b_chunks,core,10,2,2342650,1171325,256
borrowed_ready,medium_data_10b_chunks,baseline,10,2,1746691,873345.5,256
borrowed_ready,medium_data_10b_chunks,step2,11,2,1775610,887805,256
borrowed_ready,medium_data_10b_chunks,core,11,2,2355089,1177544.5,256
borrowed_ready,medium_data_10b_chunks,baseline,11,2,1743384,871692,256
borrowed_ready,medium_data_10b_chunks,step1,11,3,2567840,855946.6666666666,256
borrowed_ready,medium_data_10b_chunks,step1,12,3,2446757,815585.6666666666,256
borrowed_ready,medium_data_10b_chunks,step2,12,2,1739914,869957,256
borrowed_ready,medium_data_10b_chunks,core,12,2,2322566,1161283,256
borrowed_ready,medium_data_10b_chunks,baseline,12,2,1710827,855413.5,256
borrowed_ready,medium_data_10b_chunks,step2,13,2,1755793,877896.5,256
borrowed_ready,medium_data_10b_chunks,core,13,2,2353627,1176813.5,256
borrowed_ready,medium_data_10b_chunks,step1,13,3,2458583,819527.6666666666,256
borrowed_ready,medium_data_10b_chunks,baseline,13,2,1693890,846945,256
borrowed_ready,medium_data_10b_chunks,step2,14,2,1740959,870479.5,256
borrowed_ready,medium_data_10b_chunks,core,14,2,2358707,1179353.5,256
borrowed_ready,medium_data_10b_chunks,baseline,14,2,1691446,845723,256
borrowed_ready,medium_data_10b_chunks,step1,14,3,2469962,823320.6666666666,256
borrowed_ready,medium_data_10b_chunks,step2,15,2,1708157,854078.5,256
borrowed_ready,medium_data_10b_chunks,baseline,15,2,1678121,839060.5,256
borrowed_ready,medium_data_10b_chunks,step1,15,3,2481075,827025,256
borrowed_ready,medium_data_10b_chunks,core,15,2,2372056,1186028,256
borrowed_ready,medium_data_10b_chunks,step1,16,3,2500867,833622.3333333334,256
borrowed_ready,medium_data_10b_chunks,step2,16,2,1726225,863112.5,256
borrowed_ready,medium_data_10b_chunks,core,16,2,2379410,1189705,256
borrowed_ready,medium_data_10b_chunks,baseline,16,2,1713890,856945,256
borrowed_ready,medium_data_10b_chunks,step2,17,2,1681068,840534,256
borrowed_ready,medium_data_10b_chunks,core,17,2,2392397,1196198.5,256
borrowed_ready,medium_data_10b_chunks,step1,17,3,2437062,812354,256
borrowed_ready,medium_data_10b_chunks,baseline,17,2,1672477,836238.5,256
borrowed_ready,medium_data_10b_chunks,core,18,2,2331856,1165928,256
borrowed_ready,medium_data_10b_chunks,step1,18,3,2398409,799469.6666666666,256
borrowed_ready,medium_data_10b_chunks,step2,18,2,1818712,909356,256
borrowed_ready,medium_data_10b_chunks,baseline,18,2,1633627,816813.5,256
borrowed_ready,medium_data_10b_chunks,step1,19,3,2309197,769732.3333333334,256
borrowed_ready,medium_data_10b_chunks,baseline,19,2,1715377,857688.5,256
borrowed_ready,medium_data_10b_chunks,step2,19,2,1745548,872774,256
borrowed_ready,medium_data_10b_chunks,core,19,2,2281973,1140986.5,256
borrowed_ready,medium_data_10b_chunks,step1,20,3,2494104,831368,256
borrowed_ready,medium_data_10b_chunks,core,20,2,2398150,1199075,256
borrowed_ready,medium_data_10b_chunks,baseline,20,2,1723722,861861,256
borrowed_ready,medium_data_10b_chunks,step2,20,2,1784414,892207,256
borrowed_ready,medium_data_10b_chunks,baseline,21,2,1723107,861553.5,256
borrowed_ready,medium_data_10b_chunks,step1,21,3,2461346,820448.6666666666,256
borrowed_ready,medium_data_10b_chunks,core,21,2,2477438,1238719,256
borrowed_ready,medium_data_10b_chunks,step2,21,2,1719570,859785,256
borrowed_ready,medium_data_10b_chunks,core,22,2,2357016,1178508,256
borrowed_ready,medium_data_10b_chunks,step1,22,3,2918023,972674.3333333334,256
borrowed_ready,medium_data_10b_chunks,step2,22,2,1859701,929850.5,256
borrowed_ready,medium_data_10b_chunks,baseline,22,2,1679141,839570.5,256
borrowed_ready,medium_data_10b_chunks,step1,23,3,2322234,774078,256
borrowed_ready,medium_data_10b_chunks,baseline,23,2,1679406,839703,256
borrowed_ready,medium_data_10b_chunks,step2,23,2,1735359,867679.5,256
borrowed_ready,medium_data_10b_chunks,core,23,2,2489462,1244731,256
borrowed_ready,medium_data_10b_chunks,baseline,24,2,1771006,885503,256
borrowed_ready,medium_data_10b_chunks,step2,24,2,1698957,849478.5,256
borrowed_ready,medium_data_10b_chunks,step1,24,3,2304856,768285.3333333334,256
borrowed_ready,medium_data_10b_chunks,core,24,2,2368126,1184063,256
borrowed_ready,medium_data_10b_chunks,core,25,2,2364304,1182152,256
borrowed_ready,medium_data_10b_chunks,step1,25,3,2351082,783694,256
borrowed_ready,medium_data_10b_chunks,baseline,25,2,1686191,843095.5,256
borrowed_ready,medium_data_10b_chunks,step2,25,2,1729123,864561.5,256
borrowed_ready,medium_data_10b_chunks,core,26,2,2443951,1221975.5,256
borrowed_ready,medium_data_10b_chunks,step2,26,2,1725386,862693,256
borrowed_ready,medium_data_10b_chunks,step1,26,3,2279316,759772,256
borrowed_ready,medium_data_10b_chunks,baseline,26,2,1726448,863224,256
borrowed_ready,medium_data_10b_chunks,baseline,27,2,1714095,857047.5,256
borrowed_ready,medium_data_10b_chunks,step1,27,3,2299040,766346.6666666666,256
borrowed_ready,medium_data_10b_chunks,step2,27,2,1715320,857660,256
borrowed_ready,medium_data_10b_chunks,core,27,2,2405392,1202696,256
borrowed_ready,medium_data_10b_chunks,step2,28,2,1676179,838089.5,256
borrowed_ready,medium_data_10b_chunks,step1,28,3,2316580,772193.3333333334,256
borrowed_ready,medium_data_10b_chunks,core,28,2,2458002,1229001,256
borrowed_ready,medium_data_10b_chunks,baseline,28,2,1666615,833307.5,256
borrowed_ready,medium_data_10b_chunks,step1,29,3,2262346,754115.3333333334,256
borrowed_ready,medium_data_10b_chunks,baseline,29,2,1718179,859089.5,256
borrowed_ready,medium_data_10b_chunks,core,29,2,2376138,1188069,256
borrowed_ready,medium_data_10b_chunks,step2,29,2,1740800,870400,256
borrowed_ready,medium_data_10b_chunks,step1,30,3,2429322,809774,256
borrowed_ready,medium_data_10b_chunks,step2,30,2,1687591,843795.5,256
borrowed_ready,medium_data_10b_chunks,baseline,30,2,1729797,864898.5,256
borrowed_ready,medium_data_10b_chunks,core,30,2,2344407,1172203.5,256
borrowed_ready,large_utf8_tcp,baseline,0,3,2684255,894751.6666666666,64
borrowed_ready,large_utf8_tcp,step2,0,14,2724366,194597.57142857142,64
borrowed_ready,large_utf8_tcp,step1,0,15,2829390,188626,64
borrowed_ready,large_utf8_tcp,core,0,3,2722065,907355,64
borrowed_ready,large_utf8_tcp,step2,1,14,2741324,195808.85714285713,64
borrowed_ready,large_utf8_tcp,baseline,1,3,2682294,894098,64
borrowed_ready,large_utf8_tcp,core,1,3,2672922,890974,64
borrowed_ready,large_utf8_tcp,step1,1,15,2935401,195693.4,64
borrowed_ready,large_utf8_tcp,step1,2,15,2875022,191668.13333333333,64
borrowed_ready,large_utf8_tcp,baseline,2,3,2859782,953260.6666666666,64
borrowed_ready,large_utf8_tcp,core,2,3,2676237,892079,64
borrowed_ready,large_utf8_tcp,step2,2,14,2717481,194105.7857142857,64
borrowed_ready,large_utf8_tcp,step2,3,14,2722113,194436.64285714287,64
borrowed_ready,large_utf8_tcp,core,3,3,2751701,917233.6666666666,64
borrowed_ready,large_utf8_tcp,step1,3,15,2855191,190346.06666666668,64
borrowed_ready,large_utf8_tcp,baseline,3,3,2692653,897551,64
borrowed_ready,large_utf8_tcp,baseline,4,3,3106389,1035463,64
borrowed_ready,large_utf8_tcp,core,4,3,2758390,919463.3333333334,64
borrowed_ready,large_utf8_tcp,step1,4,15,3079642,205309.46666666667,64
borrowed_ready,large_utf8_tcp,step2,4,14,2742127,195866.2142857143,64
borrowed_ready,large_utf8_tcp,core,5,3,2766903,922301,64
borrowed_ready,large_utf8_tcp,baseline,5,3,2788048,929349.3333333334,64
borrowed_ready,large_utf8_tcp,step2,5,14,2805410,200386.42857142858,64
borrowed_ready,large_utf8_tcp,step1,5,15,2945458,196363.86666666667,64
borrowed_ready,large_utf8_tcp,step1,6,15,2815914,187727.6,64
borrowed_ready,large_utf8_tcp,baseline,6,3,2695002,898334,64
borrowed_ready,large_utf8_tcp,step2,6,14,2641171,188655.07142857142,64
borrowed_ready,large_utf8_tcp,core,6,3,2696281,898760.3333333334,64
borrowed_ready,large_utf8_tcp,baseline,7,3,2708199,902733,64
borrowed_ready,large_utf8_tcp,core,7,3,2681434,893811.3333333334,64
borrowed_ready,large_utf8_tcp,step1,7,15,2809882,187325.46666666667,64
borrowed_ready,large_utf8_tcp,step2,7,14,2813339,200952.7857142857,64
borrowed_ready,large_utf8_tcp,baseline,8,3,2697757,899252.3333333334,64
borrowed_ready,large_utf8_tcp,step2,8,14,2716752,194053.7142857143,64
borrowed_ready,large_utf8_tcp,core,8,3,2701596,900532,64
borrowed_ready,large_utf8_tcp,step1,8,15,2947389,196492.6,64
borrowed_ready,large_utf8_tcp,core,9,3,2729262,909754,64
borrowed_ready,large_utf8_tcp,step1,9,15,2888534,192568.93333333332,64
borrowed_ready,large_utf8_tcp,baseline,9,3,2698916,899638.6666666666,64
borrowed_ready,large_utf8_tcp,step2,9,14,2694847,192489.07142857142,64
borrowed_ready,large_utf8_tcp,step1,10,15,2952420,196828,64
borrowed_ready,large_utf8_tcp,step2,10,14,2731331,195095.07142857142,64
borrowed_ready,large_utf8_tcp,core,10,3,2682091,894030.3333333334,64
borrowed_ready,large_utf8_tcp,baseline,10,3,2687613,895871,64
borrowed_ready,large_utf8_tcp,step2,11,14,2691582,192255.85714285713,64
borrowed_ready,large_utf8_tcp,core,11,3,2908840,969613.3333333334,64
borrowed_ready,large_utf8_tcp,baseline,11,3,2675561,891853.6666666666,64
borrowed_ready,large_utf8_tcp,step1,11,15,2840944,189396.26666666666,64
borrowed_ready,large_utf8_tcp,step1,12,15,2801388,186759.2,64
borrowed_ready,large_utf8_tcp,step2,12,14,2647660,189118.57142857142,64
borrowed_ready,large_utf8_tcp,core,12,3,2685239,895079.6666666666,64
borrowed_ready,large_utf8_tcp,baseline,12,3,2712142,904047.3333333334,64
borrowed_ready,large_utf8_tcp,step2,13,14,2740023,195715.92857142858,64
borrowed_ready,large_utf8_tcp,core,13,3,2703842,901280.6666666666,64
borrowed_ready,large_utf8_tcp,step1,13,15,2868547,191236.46666666667,64
borrowed_ready,large_utf8_tcp,baseline,13,3,2702385,900795,64
borrowed_ready,large_utf8_tcp,step2,14,14,2776891,198349.35714285713,64
borrowed_ready,large_utf8_tcp,core,14,3,2706729,902243,64
borrowed_ready,large_utf8_tcp,baseline,14,3,2688032,896010.6666666666,64
borrowed_ready,large_utf8_tcp,step1,14,15,2871357,191423.8,64
borrowed_ready,large_utf8_tcp,step2,15,14,2668670,190619.2857142857,64
borrowed_ready,large_utf8_tcp,baseline,15,3,2685479,895159.6666666666,64
borrowed_ready,large_utf8_tcp,step1,15,15,2844672,189644.8,64
borrowed_ready,large_utf8_tcp,core,15,3,2694341,898113.6666666666,64
borrowed_ready,large_utf8_tcp,step1,16,15,2878995,191933,64
borrowed_ready,large_utf8_tcp,step2,16,14,2754140,196724.2857142857,64
borrowed_ready,large_utf8_tcp,core,16,3,2739852,913284,64
borrowed_ready,large_utf8_tcp,baseline,16,3,2686874,895624.6666666666,64
borrowed_ready,large_utf8_tcp,step2,17,14,2640025,188573.2142857143,64
borrowed_ready,large_utf8_tcp,core,17,3,2693178,897726,64
borrowed_ready,large_utf8_tcp,step1,17,15,2818554,187903.6,64
borrowed_ready,large_utf8_tcp,baseline,17,3,2709186,903062,64
borrowed_ready,large_utf8_tcp,core,18,3,2679133,893044.3333333334,64
borrowed_ready,large_utf8_tcp,step1,18,15,2817500,187833.33333333334,64
borrowed_ready,large_utf8_tcp,step2,18,14,2698026,192716.14285714287,64
borrowed_ready,large_utf8_tcp,baseline,18,3,2713199,904399.6666666666,64
borrowed_ready,large_utf8_tcp,step1,19,15,2938713,195914.2,64
borrowed_ready,large_utf8_tcp,baseline,19,3,2691004,897001.3333333334,64
borrowed_ready,large_utf8_tcp,step2,19,14,2685554,191825.2857142857,64
borrowed_ready,large_utf8_tcp,core,19,3,2711530,903843.3333333334,64
borrowed_ready,large_utf8_tcp,step1,20,15,2930512,195367.46666666667,64
borrowed_ready,large_utf8_tcp,core,20,3,2872346,957448.6666666666,64
borrowed_ready,large_utf8_tcp,baseline,20,3,2681988,893996,64
borrowed_ready,large_utf8_tcp,step2,20,14,2697519,192679.92857142858,64
borrowed_ready,large_utf8_tcp,baseline,21,3,2705267,901755.6666666666,64
borrowed_ready,large_utf8_tcp,step1,21,15,2890223,192681.53333333333,64
borrowed_ready,large_utf8_tcp,core,21,3,2733584,911194.6666666666,64
borrowed_ready,large_utf8_tcp,step2,21,14,2753727,196694.7857142857,64
borrowed_ready,large_utf8_tcp,core,22,3,2695717,898572.3333333334,64
borrowed_ready,large_utf8_tcp,step1,22,15,2930084,195338.93333333332,64
borrowed_ready,large_utf8_tcp,step2,22,14,2632156,188011.14285714287,64
borrowed_ready,large_utf8_tcp,baseline,22,3,2684637,894879,64
borrowed_ready,large_utf8_tcp,step1,23,15,2905229,193681.93333333332,64
borrowed_ready,large_utf8_tcp,baseline,23,3,2709488,903162.6666666666,64
borrowed_ready,large_utf8_tcp,step2,23,14,2646822,189058.7142857143,64
borrowed_ready,large_utf8_tcp,core,23,3,2680630,893543.3333333334,64
borrowed_ready,large_utf8_tcp,baseline,24,3,2744839,914946.3333333334,64
borrowed_ready,large_utf8_tcp,step2,24,14,2634828,188202,64
borrowed_ready,large_utf8_tcp,step1,24,15,2924284,194952.26666666666,64
borrowed_ready,large_utf8_tcp,core,24,3,2731766,910588.6666666666,64
borrowed_ready,large_utf8_tcp,core,25,3,2724242,908080.6666666666,64
borrowed_ready,large_utf8_tcp,step1,25,15,3020618,201374.53333333333,64
borrowed_ready,large_utf8_tcp,baseline,25,3,2689154,896384.6666666666,64
borrowed_ready,large_utf8_tcp,step2,25,14,2668946,190639,64
borrowed_ready,large_utf8_tcp,core,26,3,2705940,901980,64
borrowed_ready,large_utf8_tcp,step2,26,14,2694431,192459.35714285713,64
borrowed_ready,large_utf8_tcp,step1,26,15,2835916,189061.06666666668,64
borrowed_ready,large_utf8_tcp,baseline,26,3,2682353,894117.6666666666,64
borrowed_ready,large_utf8_tcp,baseline,27,3,2710376,903458.6666666666,64
borrowed_ready,large_utf8_tcp,step1,27,15,2818768,187917.86666666667,64
borrowed_ready,large_utf8_tcp,step2,27,14,2638296,188449.7142857143,64
borrowed_ready,large_utf8_tcp,core,27,3,2696066,898688.6666666666,64
borrowed_ready,large_utf8_tcp,step2,28,14,2643979,188855.64285714287,64
borrowed_ready,large_utf8_tcp,step1,28,15,2816793,187786.2,64
borrowed_ready,large_utf8_tcp,core,28,3,2680209,893403,64
borrowed_ready,large_utf8_tcp,baseline,28,3,2673132,891044,64
borrowed_ready,large_utf8_tcp,step1,29,15,2879199,191946.6,64
borrowed_ready,large_utf8_tcp,baseline,29,3,2712964,904321.3333333334,64
borrowed_ready,large_utf8_tcp,core,29,3,2854899,951633,64
borrowed_ready,large_utf8_tcp,step2,29,14,2787510,199107.85714285713,64
borrowed_ready,large_utf8_tcp,step1,30,15,2819410,187960.66666666666,64
borrowed_ready,large_utf8_tcp,step2,30,14,2712627,193759.07142857142,64
borrowed_ready,large_utf8_tcp,baseline,30,3,2721021,907007,64
borrowed_ready,large_utf8_tcp,core,30,3,2677428,892476,64
borrowed_ready,mixed_json_tcp,baseline,0,4,2478430,619607.5,10010
borrowed_ready,mixed_json_tcp,step2,0,6,2980184,496697.3333333333,10010
borrowed_ready,mixed_json_tcp,step1,0,4,2431402,607850.5,10010
borrowed_ready,mixed_json_tcp,core,0,5,2700030,540006,10010
borrowed_ready,mixed_json_tcp,step2,1,6,2865894,477649,10010
borrowed_ready,mixed_json_tcp,baseline,1,4,2440723,610180.75,10010
borrowed_ready,mixed_json_tcp,core,1,5,2703126,540625.2,10010
borrowed_ready,mixed_json_tcp,step1,1,4,2436233,609058.25,10010
borrowed_ready,mixed_json_tcp,step1,2,4,2413607,603401.75,10010
borrowed_ready,mixed_json_tcp,baseline,2,4,2499564,624891,10010
borrowed_ready,mixed_json_tcp,core,2,5,2700538,540107.6,10010
borrowed_ready,mixed_json_tcp,step2,2,6,2849276,474879.3333333333,10010
borrowed_ready,mixed_json_tcp,step2,3,6,2843014,473835.6666666667,10010
borrowed_ready,mixed_json_tcp,core,3,5,2692485,538497,10010
borrowed_ready,mixed_json_tcp,step1,3,4,2441401,610350.25,10010
borrowed_ready,mixed_json_tcp,baseline,3,4,2421073,605268.25,10010
borrowed_ready,mixed_json_tcp,baseline,4,4,2418201,604550.25,10010
borrowed_ready,mixed_json_tcp,core,4,5,2705246,541049.2,10010
borrowed_ready,mixed_json_tcp,step1,4,4,2438810,609702.5,10010
borrowed_ready,mixed_json_tcp,step2,4,6,2883446,480574.3333333333,10010
borrowed_ready,mixed_json_tcp,core,5,5,2706912,541382.4,10010
borrowed_ready,mixed_json_tcp,baseline,5,4,2471202,617800.5,10010
borrowed_ready,mixed_json_tcp,step2,5,6,2932784,488797.3333333333,10010
borrowed_ready,mixed_json_tcp,step1,5,4,2429664,607416,10010
borrowed_ready,mixed_json_tcp,step1,6,4,2470302,617575.5,10010
borrowed_ready,mixed_json_tcp,baseline,6,4,2466378,616594.5,10010
borrowed_ready,mixed_json_tcp,step2,6,6,2929698,488283,10010
borrowed_ready,mixed_json_tcp,core,6,5,2735011,547002.2,10010
borrowed_ready,mixed_json_tcp,baseline,7,4,2423003,605750.75,10010
borrowed_ready,mixed_json_tcp,core,7,5,2700933,540186.6,10010
borrowed_ready,mixed_json_tcp,step1,7,4,2436393,609098.25,10010
borrowed_ready,mixed_json_tcp,step2,7,6,2832326,472054.3333333333,10010
borrowed_ready,mixed_json_tcp,baseline,8,4,2453403,613350.75,10010
borrowed_ready,mixed_json_tcp,step2,8,6,2885746,480957.6666666667,10010
borrowed_ready,mixed_json_tcp,core,8,5,2708391,541678.2,10010
borrowed_ready,mixed_json_tcp,step1,8,4,2443307,610826.75,10010
borrowed_ready,mixed_json_tcp,core,9,5,2719441,543888.2,10010
borrowed_ready,mixed_json_tcp,step1,9,4,2448085,612021.25,10010
borrowed_ready,mixed_json_tcp,baseline,9,4,2462058,615514.5,10010
borrowed_ready,mixed_json_tcp,step2,9,6,2823229,470538.1666666667,10010
borrowed_ready,mixed_json_tcp,step1,10,4,2420495,605123.75,10010
borrowed_ready,mixed_json_tcp,step2,10,6,2844957,474159.5,10010
borrowed_ready,mixed_json_tcp,core,10,5,2707656,541531.2,10010
borrowed_ready,mixed_json_tcp,baseline,10,4,2444846,611211.5,10010
borrowed_ready,mixed_json_tcp,step2,11,6,2842745,473790.8333333333,10010
borrowed_ready,mixed_json_tcp,core,11,5,2749961,549992.2,10010
borrowed_ready,mixed_json_tcp,baseline,11,4,2467501,616875.25,10010
borrowed_ready,mixed_json_tcp,step1,11,4,2484437,621109.25,10010
borrowed_ready,mixed_json_tcp,step1,12,4,2425478,606369.5,10010
borrowed_ready,mixed_json_tcp,step2,12,6,2917470,486245,10010
borrowed_ready,mixed_json_tcp,core,12,5,2712687,542537.4,10010
borrowed_ready,mixed_json_tcp,baseline,12,4,2457357,614339.25,10010
borrowed_ready,mixed_json_tcp,step2,13,6,2833982,472330.3333333333,10010
borrowed_ready,mixed_json_tcp,core,13,5,2720594,544118.8,10010
borrowed_ready,mixed_json_tcp,step1,13,4,2435169,608792.25,10010
borrowed_ready,mixed_json_tcp,baseline,13,4,2425293,606323.25,10010
borrowed_ready,mixed_json_tcp,step2,14,6,2841642,473607,10010
borrowed_ready,mixed_json_tcp,core,14,5,2773416,554683.2,10010
borrowed_ready,mixed_json_tcp,baseline,14,4,2426285,606571.25,10010
borrowed_ready,mixed_json_tcp,step1,14,4,2427690,606922.5,10010
borrowed_ready,mixed_json_tcp,step2,15,6,2900312,483385.3333333333,10010
borrowed_ready,mixed_json_tcp,baseline,15,4,2450657,612664.25,10010
borrowed_ready,mixed_json_tcp,step1,15,4,2410821,602705.25,10010
borrowed_ready,mixed_json_tcp,core,15,5,2729373,545874.6,10010
borrowed_ready,mixed_json_tcp,step1,16,4,2558156,639539,10010
borrowed_ready,mixed_json_tcp,step2,16,6,2880627,480104.5,10010
borrowed_ready,mixed_json_tcp,core,16,5,2756592,551318.4,10010
borrowed_ready,mixed_json_tcp,baseline,16,4,2405667,601416.75,10010
borrowed_ready,mixed_json_tcp,step2,17,6,2926101,487683.5,10010
borrowed_ready,mixed_json_tcp,core,17,5,2919152,583830.4,10010
borrowed_ready,mixed_json_tcp,step1,17,4,2443577,610894.25,10010
borrowed_ready,mixed_json_tcp,baseline,17,4,2413984,603496,10010
borrowed_ready,mixed_json_tcp,core,18,5,2719161,543832.2,10010
borrowed_ready,mixed_json_tcp,step1,18,4,2453183,613295.75,10010
borrowed_ready,mixed_json_tcp,step2,18,6,2814550,469091.6666666667,10010
borrowed_ready,mixed_json_tcp,baseline,18,4,2437234,609308.5,10010
borrowed_ready,mixed_json_tcp,step1,19,4,2494506,623626.5,10010
borrowed_ready,mixed_json_tcp,baseline,19,4,2427270,606817.5,10010
borrowed_ready,mixed_json_tcp,step2,19,6,2849325,474887.5,10010
borrowed_ready,mixed_json_tcp,core,19,5,2703961,540792.2,10010
borrowed_ready,mixed_json_tcp,step1,20,4,2496297,624074.25,10010
borrowed_ready,mixed_json_tcp,core,20,5,2685913,537182.6,10010
borrowed_ready,mixed_json_tcp,baseline,20,4,2443011,610752.75,10010
borrowed_ready,mixed_json_tcp,step2,20,6,2865676,477612.6666666667,10010
borrowed_ready,mixed_json_tcp,baseline,21,4,2455499,613874.75,10010
borrowed_ready,mixed_json_tcp,step1,21,4,2420160,605040,10010
borrowed_ready,mixed_json_tcp,core,21,5,2755936,551187.2,10010
borrowed_ready,mixed_json_tcp,step2,21,6,2829732,471622,10010
borrowed_ready,mixed_json_tcp,core,22,5,2717778,543555.6,10010
borrowed_ready,mixed_json_tcp,step1,22,4,2453052,613263,10010
borrowed_ready,mixed_json_tcp,step2,22,6,2913661,485610.1666666667,10010
borrowed_ready,mixed_json_tcp,baseline,22,4,2411153,602788.25,10010
borrowed_ready,mixed_json_tcp,step1,23,4,2426307,606576.75,10010
borrowed_ready,mixed_json_tcp,baseline,23,4,2447670,611917.5,10010
borrowed_ready,mixed_json_tcp,step2,23,6,2853915,475652.5,10010
borrowed_ready,mixed_json_tcp,core,23,5,2699376,539875.2,10010
borrowed_ready,mixed_json_tcp,baseline,24,4,2427061,606765.25,10010
borrowed_ready,mixed_json_tcp,step2,24,6,2914359,485726.5,10010
borrowed_ready,mixed_json_tcp,step1,24,4,2441958,610489.5,10010
borrowed_ready,mixed_json_tcp,core,24,5,2718918,543783.6,10010
borrowed_ready,mixed_json_tcp,core,25,5,2752722,550544.4,10010
borrowed_ready,mixed_json_tcp,step1,25,4,2425515,606378.75,10010
borrowed_ready,mixed_json_tcp,baseline,25,4,2551848,637962,10010
borrowed_ready,mixed_json_tcp,step2,25,6,2814551,469091.8333333333,10010
borrowed_ready,mixed_json_tcp,core,26,5,2710475,542095,10010
borrowed_ready,mixed_json_tcp,step2,26,6,3065374,510895.6666666667,10010
borrowed_ready,mixed_json_tcp,step1,26,4,2454632,613658,10010
borrowed_ready,mixed_json_tcp,baseline,26,4,2969607,742401.75,10010
borrowed_ready,mixed_json_tcp,baseline,27,4,3815661,953915.25,10010
borrowed_ready,mixed_json_tcp,step1,27,4,2966165,741541.25,10010
borrowed_ready,mixed_json_tcp,step2,27,6,3355396,559232.6666666666,10010
borrowed_ready,mixed_json_tcp,core,27,5,3837865,767573,10010
borrowed_ready,mixed_json_tcp,step2,28,6,3603063,600510.5,10010
borrowed_ready,mixed_json_tcp,step1,28,4,3187179,796794.75,10010
borrowed_ready,mixed_json_tcp,core,28,5,3415184,683036.8,10010
borrowed_ready,mixed_json_tcp,baseline,28,4,2858994,714748.5,10010
borrowed_ready,mixed_json_tcp,step1,29,4,3116118,779029.5,10010
borrowed_ready,mixed_json_tcp,baseline,29,4,3153959,788489.75,10010
borrowed_ready,mixed_json_tcp,core,29,5,3904014,780802.8,10010
borrowed_ready,mixed_json_tcp,step2,29,6,3785285,630880.8333333334,10010
borrowed_ready,mixed_json_tcp,step1,30,4,3182193,795548.25,10010
borrowed_ready,mixed_json_tcp,step2,30,6,3331251,555208.5,10010
borrowed_ready,mixed_json_tcp,baseline,30,4,3134666,783666.5,10010
borrowed_ready,mixed_json_tcp,core,30,5,3801818,760363.6,10010
borrowed_ready,mixed_multiline_tcp,baseline,0,5,2814753,562950.6,10010
borrowed_ready,mixed_multiline_tcp,step2,0,7,3500024,500003.4285714286,10010
borrowed_ready,mixed_multiline_tcp,step1,0,4,2372481,593120.25,10010
borrowed_ready,mixed_multiline_tcp,core,0,4,2689915,672478.75,10010
borrowed_ready,mixed_multiline_tcp,step2,1,7,3610354,515764.85714285716,10010
borrowed_ready,mixed_multiline_tcp,baseline,1,5,3063226,612645.2,10010
borrowed_ready,mixed_multiline_tcp,core,1,4,2762518,690629.5,10010
borrowed_ready,mixed_multiline_tcp,step1,1,4,2174606,543651.5,10010
borrowed_ready,mixed_multiline_tcp,step1,2,4,2303442,575860.5,10010
borrowed_ready,mixed_multiline_tcp,baseline,2,5,2699303,539860.6,10010
borrowed_ready,mixed_multiline_tcp,core,2,4,2566631,641657.75,10010
borrowed_ready,mixed_multiline_tcp,step2,2,7,2907151,415307.28571428574,10010
borrowed_ready,mixed_multiline_tcp,step2,3,7,2976909,425272.71428571426,10010
borrowed_ready,mixed_multiline_tcp,core,3,4,2214602,553650.5,10010
borrowed_ready,mixed_multiline_tcp,step1,3,4,1851117,462779.25,10010
borrowed_ready,mixed_multiline_tcp,baseline,3,5,2307301,461460.2,10010
borrowed_ready,mixed_multiline_tcp,baseline,4,5,2374041,474808.2,10010
borrowed_ready,mixed_multiline_tcp,core,4,4,2241802,560450.5,10010
borrowed_ready,mixed_multiline_tcp,step1,4,4,1839482,459870.5,10010
borrowed_ready,mixed_multiline_tcp,step2,4,7,2734146,390592.28571428574,10010
borrowed_ready,mixed_multiline_tcp,core,5,4,2262929,565732.25,10010
borrowed_ready,mixed_multiline_tcp,baseline,5,5,2345208,469041.6,10010
borrowed_ready,mixed_multiline_tcp,step2,5,7,2947761,421108.71428571426,10010
borrowed_ready,mixed_multiline_tcp,step1,5,4,1845085,461271.25,10010
borrowed_ready,mixed_multiline_tcp,step1,6,4,1848655,462163.75,10010
borrowed_ready,mixed_multiline_tcp,baseline,6,5,2398390,479678,10010
borrowed_ready,mixed_multiline_tcp,step2,6,7,2738256,391179.4285714286,10010
borrowed_ready,mixed_multiline_tcp,core,6,4,2254114,563528.5,10010
borrowed_ready,mixed_multiline_tcp,baseline,7,5,2314625,462925,10010
borrowed_ready,mixed_multiline_tcp,core,7,4,2274369,568592.25,10010
borrowed_ready,mixed_multiline_tcp,step1,7,4,1912599,478149.75,10010
borrowed_ready,mixed_multiline_tcp,step2,7,7,2891556,413079.4285714286,10010
borrowed_ready,mixed_multiline_tcp,baseline,8,5,2492562,498512.4,10010
borrowed_ready,mixed_multiline_tcp,step2,8,7,2749923,392846.14285714284,10010
borrowed_ready,mixed_multiline_tcp,core,8,4,2263766,565941.5,10010
borrowed_ready,mixed_multiline_tcp,step1,8,4,1839099,459774.75,10010
borrowed_ready,mixed_multiline_tcp,core,9,4,2247254,561813.5,10010
borrowed_ready,mixed_multiline_tcp,step1,9,4,1873000,468250,10010
borrowed_ready,mixed_multiline_tcp,baseline,9,5,2313818,462763.6,10010
borrowed_ready,mixed_multiline_tcp,step2,9,7,2797033,399576.14285714284,10010
borrowed_ready,mixed_multiline_tcp,step1,10,4,1854074,463518.5,10010
borrowed_ready,mixed_multiline_tcp,step2,10,7,2724537,389219.5714285714,10010
borrowed_ready,mixed_multiline_tcp,core,10,4,2222571,555642.75,10010
borrowed_ready,mixed_multiline_tcp,baseline,10,5,2324484,464896.8,10010
borrowed_ready,mixed_multiline_tcp,step2,11,7,2736116,390873.71428571426,10010
borrowed_ready,mixed_multiline_tcp,core,11,4,2245639,561409.75,10010
borrowed_ready,mixed_multiline_tcp,baseline,11,5,2429851,485970.2,10010
borrowed_ready,mixed_multiline_tcp,step1,11,4,1855351,463837.75,10010
borrowed_ready,mixed_multiline_tcp,step1,12,4,1870275,467568.75,10010
borrowed_ready,mixed_multiline_tcp,step2,12,7,2740574,391510.5714285714,10010
borrowed_ready,mixed_multiline_tcp,core,12,4,2254084,563521,10010
borrowed_ready,mixed_multiline_tcp,baseline,12,5,2332420,466484,10010
borrowed_ready,mixed_multiline_tcp,step2,13,7,2764908,394986.85714285716,10010
borrowed_ready,mixed_multiline_tcp,core,13,4,2240120,560030,10010
borrowed_ready,mixed_multiline_tcp,step1,13,4,1836510,459127.5,10010
borrowed_ready,mixed_multiline_tcp,baseline,13,5,2326038,465207.6,10010
borrowed_ready,mixed_multiline_tcp,step2,14,7,2729363,389909,10010
borrowed_ready,mixed_multiline_tcp,core,14,4,2271730,567932.5,10010
borrowed_ready,mixed_multiline_tcp,baseline,14,5,2332539,466507.8,10010
borrowed_ready,mixed_multiline_tcp,step1,14,4,1840956,460239,10010
borrowed_ready,mixed_multiline_tcp,step2,15,7,2756195,393742.14285714284,10010
borrowed_ready,mixed_multiline_tcp,baseline,15,5,2326802,465360.4,10010
borrowed_ready,mixed_multiline_tcp,step1,15,4,1829021,457255.25,10010
borrowed_ready,mixed_multiline_tcp,core,15,4,2252277,563069.25,10010
borrowed_ready,mixed_multiline_tcp,step1,16,4,1837844,459461,10010
borrowed_ready,mixed_multiline_tcp,step2,16,7,2793920,399131.4285714286,10010
borrowed_ready,mixed_multiline_tcp,core,16,4,2290557,572639.25,10010
borrowed_ready,mixed_multiline_tcp,baseline,16,5,2342573,468514.6,10010
borrowed_ready,mixed_multiline_tcp,step2,17,7,2750642,392948.85714285716,10010
borrowed_ready,mixed_multiline_tcp,core,17,4,2228460,557115,10010
borrowed_ready,mixed_multiline_tcp,step1,17,4,1839037,459759.25,10010
borrowed_ready,mixed_multiline_tcp,baseline,17,5,2329464,465892.8,10010
borrowed_ready,mixed_multiline_tcp,core,18,4,2254151,563537.75,10010
borrowed_ready,mixed_multiline_tcp,step1,18,4,1830746,457686.5,10010
borrowed_ready,mixed_multiline_tcp,step2,18,7,2730655,390093.5714285714,10010
borrowed_ready,mixed_multiline_tcp,baseline,18,5,2297274,459454.8,10010
borrowed_ready,mixed_multiline_tcp,step1,19,4,1858489,464622.25,10010
borrowed_ready,mixed_multiline_tcp,baseline,19,5,2303637,460727.4,10010
borrowed_ready,mixed_multiline_tcp,step2,19,7,2752050,393150,10010
borrowed_ready,mixed_multiline_tcp,core,19,4,2228411,557102.75,10010
borrowed_ready,mixed_multiline_tcp,step1,20,4,1855057,463764.25,10010
borrowed_ready,mixed_multiline_tcp,core,20,4,2236407,559101.75,10010
borrowed_ready,mixed_multiline_tcp,baseline,20,5,2368102,473620.4,10010
borrowed_ready,mixed_multiline_tcp,step2,20,7,2979697,425671,10010
borrowed_ready,mixed_multiline_tcp,baseline,21,5,2463951,492790.2,10010
borrowed_ready,mixed_multiline_tcp,step1,21,4,1961263,490315.75,10010
borrowed_ready,mixed_multiline_tcp,core,21,4,2271377,567844.25,10010
borrowed_ready,mixed_multiline_tcp,step2,21,7,2772221,396031.5714285714,10010
borrowed_ready,mixed_multiline_tcp,core,22,4,2238647,559661.75,10010
borrowed_ready,mixed_multiline_tcp,step1,22,4,1883629,470907.25,10010
borrowed_ready,mixed_multiline_tcp,step2,22,7,2784470,397781.4285714286,10010
borrowed_ready,mixed_multiline_tcp,baseline,22,5,2348616,469723.2,10010
borrowed_ready,mixed_multiline_tcp,step1,23,4,1837274,459318.5,10010
borrowed_ready,mixed_multiline_tcp,baseline,23,5,2289580,457916,10010
borrowed_ready,mixed_multiline_tcp,step2,23,7,2775960,396565.71428571426,10010
borrowed_ready,mixed_multiline_tcp,core,23,4,2238367,559591.75,10010
borrowed_ready,mixed_multiline_tcp,baseline,24,5,2301700,460340,10010
borrowed_ready,mixed_multiline_tcp,step2,24,7,2728146,389735.14285714284,10010
borrowed_ready,mixed_multiline_tcp,step1,24,4,1869935,467483.75,10010
borrowed_ready,mixed_multiline_tcp,core,24,4,2238016,559504,10010
borrowed_ready,mixed_multiline_tcp,core,25,4,2240438,560109.5,10010
borrowed_ready,mixed_multiline_tcp,step1,25,4,1833563,458390.75,10010
borrowed_ready,mixed_multiline_tcp,baseline,25,5,2304812,460962.4,10010
borrowed_ready,mixed_multiline_tcp,step2,25,7,2759858,394265.4285714286,10010
borrowed_ready,mixed_multiline_tcp,core,26,4,2245741,561435.25,10010
borrowed_ready,mixed_multiline_tcp,step2,26,7,2720787,388683.85714285716,10010
borrowed_ready,mixed_multiline_tcp,step1,26,4,1841882,460470.5,10010
borrowed_ready,mixed_multiline_tcp,baseline,26,5,2324939,464987.8,10010
borrowed_ready,mixed_multiline_tcp,baseline,27,5,2332487,466497.4,10010
borrowed_ready,mixed_multiline_tcp,step1,27,4,1843150,460787.5,10010
borrowed_ready,mixed_multiline_tcp,step2,27,7,2741934,391704.85714285716,10010
borrowed_ready,mixed_multiline_tcp,core,27,4,2242328,560582,10010
borrowed_ready,mixed_multiline_tcp,step2,28,7,2746091,392298.71428571426,10010
borrowed_ready,mixed_multiline_tcp,step1,28,4,1834258,458564.5,10010
borrowed_ready,mixed_multiline_tcp,core,28,4,2214223,553555.75,10010
borrowed_ready,mixed_multiline_tcp,baseline,28,5,2306596,461319.2,10010
borrowed_ready,mixed_multiline_tcp,step1,29,4,1855067,463766.75,10010
borrowed_ready,mixed_multiline_tcp,baseline,29,5,2331501,466300.2,10010
borrowed_ready,mixed_multiline_tcp,core,29,4,2241393,560348.25,10010
borrowed_ready,mixed_multiline_tcp,step2,29,7,2729149,389878.4285714286,10010
borrowed_ready,mixed_multiline_tcp,step1,30,4,1841647,460411.75,10010
borrowed_ready,mixed_multiline_tcp,step2,30,7,2749960,392851.4285714286,10010
borrowed_ready,mixed_multiline_tcp,baseline,30,5,2339427,467885.4,10010
borrowed_ready,mixed_multiline_tcp,core,30,4,2237390,559347.5,10010
borrowed_ready,varied_sizes_tcp,baseline,0,91,2496189,27430.648351648353,64
borrowed_ready,varied_sizes_tcp,step2,0,112,2887709,25783.116071428572,64
borrowed_ready,varied_sizes_tcp,step1,0,121,2878450,23788.84297520661,64
borrowed_ready,varied_sizes_tcp,core,0,110,2878720,26170.18181818182,64
borrowed_ready,varied_sizes_tcp,step2,1,112,2834941,25311.973214285714,64
borrowed_ready,varied_sizes_tcp,baseline,1,91,2493803,27404.428571428572,64
borrowed_ready,varied_sizes_tcp,core,1,110,2880833,26189.390909090907,64
borrowed_ready,varied_sizes_tcp,step1,1,121,2894308,23919.900826446283,64
borrowed_ready,varied_sizes_tcp,step1,2,121,2859707,23633.942148760332,64
borrowed_ready,varied_sizes_tcp,baseline,2,91,2523287,27728.428571428572,64
borrowed_ready,varied_sizes_tcp,core,2,110,2860339,26003.081818181818,64
borrowed_ready,varied_sizes_tcp,step2,2,112,2843627,25389.526785714286,64
borrowed_ready,varied_sizes_tcp,step2,3,112,2863492,25566.89285714286,64
borrowed_ready,varied_sizes_tcp,core,3,110,2898354,26348.672727272726,64
borrowed_ready,varied_sizes_tcp,step1,3,121,2894069,23917.92561983471,64
borrowed_ready,varied_sizes_tcp,baseline,3,91,2513548,27621.406593406595,64
borrowed_ready,varied_sizes_tcp,baseline,4,91,2488864,27350.153846153848,64
borrowed_ready,varied_sizes_tcp,core,4,110,2899423,26358.390909090907,64
borrowed_ready,varied_sizes_tcp,step1,4,121,2884646,23840.04958677686,64
borrowed_ready,varied_sizes_tcp,step2,4,112,2891572,25817.60714285714,64
borrowed_ready,varied_sizes_tcp,core,5,110,2893483,26304.390909090907,64
borrowed_ready,varied_sizes_tcp,baseline,5,91,2569051,28231.32967032967,64
borrowed_ready,varied_sizes_tcp,step2,5,112,2863230,25564.553571428572,64
borrowed_ready,varied_sizes_tcp,step1,5,121,2896547,23938.404958677685,64
borrowed_ready,varied_sizes_tcp,step1,6,121,2898808,23957.090909090908,64
borrowed_ready,varied_sizes_tcp,baseline,6,91,2527784,27777.846153846152,64
borrowed_ready,varied_sizes_tcp,step2,6,112,2877853,25695.116071428572,64
borrowed_ready,varied_sizes_tcp,core,6,110,2859242,25993.109090909093,64
borrowed_ready,varied_sizes_tcp,baseline,7,91,2487406,27334.13186813187,64
borrowed_ready,varied_sizes_tcp,core,7,110,2897459,26340.536363636365,64
borrowed_ready,varied_sizes_tcp,step1,7,121,2859462,23631.9173553719,64
borrowed_ready,varied_sizes_tcp,step2,7,112,2842695,25381.20535714286,64
borrowed_ready,varied_sizes_tcp,baseline,8,91,2518981,27681.10989010989,64
borrowed_ready,varied_sizes_tcp,step2,8,112,2864115,25572.45535714286,64
borrowed_ready,varied_sizes_tcp,core,8,110,2856514,25968.30909090909,64
borrowed_ready,varied_sizes_tcp,step1,8,121,2867505,23698.388429752067,64
borrowed_ready,varied_sizes_tcp,core,9,110,2882942,26208.563636363637,64
borrowed_ready,varied_sizes_tcp,step1,9,121,2847221,23530.752066115703,64
borrowed_ready,varied_sizes_tcp,baseline,9,91,2501040,27483.956043956045,64
borrowed_ready,varied_sizes_tcp,step2,9,112,2852417,25468.008928571428,64
borrowed_ready,varied_sizes_tcp,step1,10,121,2863521,23665.462809917357,64
borrowed_ready,varied_sizes_tcp,step2,10,112,2848643,25434.3125,64
borrowed_ready,varied_sizes_tcp,core,10,110,2872797,26116.336363636365,64
borrowed_ready,varied_sizes_tcp,baseline,10,91,2496598,27435.14285714286,64
borrowed_ready,varied_sizes_tcp,step2,11,112,2883373,25744.401785714286,64
borrowed_ready,varied_sizes_tcp,core,11,110,2847760,25888.727272727272,64
borrowed_ready,varied_sizes_tcp,baseline,11,91,2497769,27448.01098901099,64
borrowed_ready,varied_sizes_tcp,step1,11,121,2842421,23491.0826446281,64
borrowed_ready,varied_sizes_tcp,step1,12,121,2874429,23755.611570247933,64
borrowed_ready,varied_sizes_tcp,step2,12,112,2843440,25387.85714285714,64
borrowed_ready,varied_sizes_tcp,core,12,110,2885668,26233.345454545455,64
borrowed_ready,varied_sizes_tcp,baseline,12,91,2518846,27679.626373626375,64
borrowed_ready,varied_sizes_tcp,step2,13,112,2846555,25415.66964285714,64
borrowed_ready,varied_sizes_tcp,core,13,110,2873111,26119.19090909091,64
borrowed_ready,varied_sizes_tcp,step1,13,121,2848345,23540.04132231405,64
borrowed_ready,varied_sizes_tcp,baseline,13,91,2535889,27866.91208791209,64
borrowed_ready,varied_sizes_tcp,step2,14,112,2925525,26120.758928571428,64
borrowed_ready,varied_sizes_tcp,core,14,110,2863338,26030.345454545455,64
borrowed_ready,varied_sizes_tcp,baseline,14,91,2510805,27591.263736263736,64
borrowed_ready,varied_sizes_tcp,step1,14,121,2878456,23788.89256198347,64
borrowed_ready,varied_sizes_tcp,step2,15,112,2851078,25456.053571428572,64
borrowed_ready,varied_sizes_tcp,baseline,15,91,2478592,27237.274725274725,64
borrowed_ready,varied_sizes_tcp,step1,15,121,2863475,23665.0826446281,64
borrowed_ready,varied_sizes_tcp,core,15,110,2895028,26318.436363636363,64
borrowed_ready,varied_sizes_tcp,step1,16,121,2848481,23541.165289256198,64
borrowed_ready,varied_sizes_tcp,step2,16,112,2845402,25405.375,64
borrowed_ready,varied_sizes_tcp,core,16,110,2860296,26002.69090909091,64
borrowed_ready,varied_sizes_tcp,baseline,16,91,2517280,27662.417582417584,64
borrowed_ready,varied_sizes_tcp,step2,17,112,2858618,25523.375,64
borrowed_ready,varied_sizes_tcp,core,17,110,2844187,25856.245454545453,64
borrowed_ready,varied_sizes_tcp,step1,17,121,2855895,23602.438016528926,64
borrowed_ready,varied_sizes_tcp,baseline,17,91,2519712,27689.14285714286,64
borrowed_ready,varied_sizes_tcp,core,18,110,2871512,26104.654545454545,64
borrowed_ready,varied_sizes_tcp,step1,18,121,2855344,23597.88429752066,64
borrowed_ready,varied_sizes_tcp,step2,18,112,2875883,25677.526785714286,64
borrowed_ready,varied_sizes_tcp,baseline,18,91,2499904,27471.472527472528,64
borrowed_ready,varied_sizes_tcp,step1,19,121,2847430,23532.479338842975,64
borrowed_ready,varied_sizes_tcp,baseline,19,91,2492928,27394.813186813186,64
borrowed_ready,varied_sizes_tcp,step2,19,112,2860210,25537.589285714286,64
borrowed_ready,varied_sizes_tcp,core,19,110,2867336,26066.69090909091,64
borrowed_ready,varied_sizes_tcp,step1,20,121,2888215,23869.545454545456,64
borrowed_ready,varied_sizes_tcp,core,20,110,2896573,26332.48181818182,64
borrowed_ready,varied_sizes_tcp,baseline,20,91,2526752,27766.505494505494,64
borrowed_ready,varied_sizes_tcp,step2,20,112,2835697,25318.723214285714,64
borrowed_ready,varied_sizes_tcp,baseline,21,91,2485251,27310.45054945055,64
borrowed_ready,varied_sizes_tcp,step1,21,121,2861304,23647.14049586777,64
borrowed_ready,varied_sizes_tcp,core,21,110,2903966,26399.69090909091,64
borrowed_ready,varied_sizes_tcp,step2,21,112,2837334,25333.339285714286,64
borrowed_ready,varied_sizes_tcp,core,22,110,2862569,26023.354545454546,64
borrowed_ready,varied_sizes_tcp,step1,22,121,2839110,23463.719008264463,64
borrowed_ready,varied_sizes_tcp,step2,22,112,2864419,25575.16964285714,64
borrowed_ready,varied_sizes_tcp,baseline,22,91,2514605,27633.021978021978,64
borrowed_ready,varied_sizes_tcp,step1,23,121,2887931,23867.198347107438,64
borrowed_ready,varied_sizes_tcp,baseline,23,91,2487900,27339.56043956044,64
borrowed_ready,varied_sizes_tcp,step2,23,112,2887152,25778.14285714286,64
borrowed_ready,varied_sizes_tcp,core,23,110,2877749,26161.354545454546,64
borrowed_ready,varied_sizes_tcp,baseline,24,91,2512845,27613.68131868132,64
borrowed_ready,varied_sizes_tcp,step2,24,112,2853253,25475.473214285714,64
borrowed_ready,varied_sizes_tcp,step1,24,121,2899914,23966.23140495868,64
borrowed_ready,varied_sizes_tcp,core,24,110,2869570,26087,64
borrowed_ready,varied_sizes_tcp,core,25,110,2841753,25834.118181818183,64
borrowed_ready,varied_sizes_tcp,step1,25,121,2878423,23788.619834710742,64
borrowed_ready,varied_sizes_tcp,baseline,25,91,2516544,27654.32967032967,64
borrowed_ready,varied_sizes_tcp,step2,25,112,2865345,25583.4375,64
borrowed_ready,varied_sizes_tcp,core,26,110,2911191,26465.372727272726,64
borrowed_ready,varied_sizes_tcp,step2,26,112,2880435,25718.16964285714,64
borrowed_ready,varied_sizes_tcp,step1,26,121,2849011,23545.545454545456,64
borrowed_ready,varied_sizes_tcp,baseline,26,91,2507877,27559.08791208791,64
borrowed_ready,varied_sizes_tcp,baseline,27,91,2488000,27340.659340659342,64
borrowed_ready,varied_sizes_tcp,step1,27,121,2875734,23766.396694214876,64
borrowed_ready,varied_sizes_tcp,step2,27,112,2899087,25884.70535714286,64
borrowed_ready,varied_sizes_tcp,core,27,110,2863293,26029.936363636363,64
borrowed_ready,varied_sizes_tcp,step2,28,112,2862654,25559.410714285714,64
borrowed_ready,varied_sizes_tcp,step1,28,121,2887051,23859.92561983471,64
borrowed_ready,varied_sizes_tcp,core,28,110,2857292,25975.381818181817,64
borrowed_ready,varied_sizes_tcp,baseline,28,91,2528359,27784.164835164836,64
borrowed_ready,varied_sizes_tcp,step1,29,121,2885322,23845.636363636364,64
borrowed_ready,varied_sizes_tcp,baseline,29,91,2517474,27664.54945054945,64
borrowed_ready,varied_sizes_tcp,core,29,110,2860962,26008.745454545453,64
borrowed_ready,varied_sizes_tcp,step2,29,112,2826189,25233.83035714286,64
borrowed_ready,varied_sizes_tcp,step1,30,121,2873889,23751.14876033058,64
borrowed_ready,varied_sizes_tcp,step2,30,112,2854819,25489.45535714286,64
borrowed_ready,varied_sizes_tcp,baseline,30,91,2495790,27426.263736263736,64
borrowed_ready,varied_sizes_tcp,core,30,110,2885959,26235.99090909091,64
