run,scenario,variant,mean_ns,mean_ci_low,mean_ci_high,median_ns,ratio_to_baseline,ratio_to_step1,ratio_to_core
full,alternating_sizes_tcp,baseline,173436.07655744947,165397.91645524927,182886.89213210516,161338.995014245,1.0,1.0794092016543504,1.2241606802395506
full,alternating_sizes_tcp,core,141677.54230066476,138057.427055073,145697.07805631874,135221.23145780052,0.8168862275533262,0.8817545107257698,1.0
full,alternating_sizes_tcp,step1,160676.8557203641,151661.64178348056,170084.12457134222,141046.88768115942,0.9264327175156147,1.0,1.1341025056700902
full,alternating_sizes_tcp,step2,146214.80758847325,143489.57877808713,149111.00968113783,141456.09914529914,0.8430472511296727,0.9099929602987747,1.0320252964169834
full,comment_crlf_tcp,baseline,455743.976146344,436861.4174922653,478791.0634184269,422140.6864295125,1.0,1.0804037152989274,0.42649328835511857
full,comment_crlf_tcp,core,1068584.1690593497,1048844.808763716,1090840.8670470628,1034843.3971861472,2.3447027826786164,2.5332255976777107,1.0
full,comment_crlf_tcp,step1,421827.47957345576,421636.61814699456,422132.7924774879,421636.4201127819,0.9255799344630343,1.0,0.3947536298846546
full,comment_crlf_tcp,step2,422437.5756461501,421782.5230630188,423646.19532856235,421793.9969806763,0.9269186160575849,1.0014463165683545,0.39532456859997495
full,encode_empty_with_retry,baseline,91.64917743607722,87.16093504121932,97.35032338213033,85.8855336859879,1.0,1.9560894273182707,
full,encode_empty_with_retry,step1,46.85326557984877,44.592913538932166,49.56661859505606,45.470701595855736,0.5112240708600754,1.0,
full,encode_empty_with_retry,step2,46.776915525724135,44.431992139165175,49.6267385125614,45.470602342028045,0.5103910022362148,0.9983704432726357,
full,encode_large_ascii,baseline,1153.0392356473824,1084.851143644174,1222.5788310681355,1151.1819367270605,1.0,1.7590042392747742,
full,encode_large_ascii,step1,655.50679748377,641.5204104652668,673.2000886136244,633.4895495495496,0.5685034621703319,1.0,
full,encode_large_ascii,step2,642.0339140719892,633.5601437288603,655.3435421690983,631.4765369522564,0.5568187917833642,0.9794466152547955,
full,encode_large_utf8,baseline,1212.4400770057898,1174.2983473176464,1244.4083601914074,1258.1693008078878,1.0,1.607462775319126,
full,encode_large_utf8,step1,754.2570164743546,715.5836298017563,794.7667618811597,678.7507214779239,0.622098387193739,1.0,
full,encode_large_utf8,step2,687.6381602559483,666.713890181929,712.7590362812126,653.0428309785452,0.5671522851291104,0.9116761862822241,
full,encode_metadata_json,baseline,110.70362634474377,106.07391840314384,116.60455614148088,105.00833828333828,1.0,1.5606959580031041,
full,encode_metadata_json,step1,70.93221826907786,66.6641585240879,75.39908285045743,70.09689908083146,0.6407397897534703,1.0,
full,encode_metadata_json,step2,70.83204988293976,66.67348028850714,75.30953684882859,69.91039710506541,0.6398349559242138,0.9985878295000147,
full,encode_small_json,baseline,82.43218247756865,81.27496266281747,83.90336391688814,81.8586335016694,1.0,5.4659498298656946,
full,encode_small_json,step1,15.081035326589177,14.431003248787393,15.878057847278898,14.327927197036747,0.18295081936830937,1.0,
full,encode_small_json,step2,14.718978996913112,14.156657630910304,15.391983633755713,13.990800396786312,0.17855864729674512,0.9759926078126925,
full,json_crlf_tcp,baseline,2061445.0374999996,1972940.8424999996,2169387.70275,1930292.3,1.0,1.0011617233818273,0.9887339509645928
full,json_crlf_tcp,core,2084934.00625,2082132.03546875,2088364.655234375,2083143.8125,1.0113944191199424,1.0125693796648836,1.0
full,json_crlf_tcp,step1,2059052.9874999996,1980943.6363124992,2154616.1531875,1941221.4500000002,0.9988396246533446,1.0,0.9875866484634923
full,json_crlf_tcp,step2,2553673.803125,2120492.199296875,3207531.050234375,2026863.625,1.2387785056942129,1.2402176236491829,1.2248223663050535
full,json_line_tcp,baseline,1035771.0512551073,1010762.772119264,1064723.3433056795,995150.6325925926,1.0,0.9476977123124929,1.3850211904161123
full,json_line_tcp,core,747837.6926088205,745554.4761086862,750829.9793225591,746002.271875,0.7220106139311576,0.6842478070878966,1.0
full,json_line_tcp,step1,1092933.9997325784,1053610.425587266,1138271.095418935,1014047.9022435897,1.0551887875300272,1.0,1.4614588306185727
full,json_line_tcp,step2,1042155.6607344095,1027995.4515827049,1059250.739347913,1021071.8489583333,1.0061641126883838,0.9535394278057105,1.3935586171096366
full,json_metadata_after_tcp,baseline,1599645.0472472704,1516762.108637301,1695299.5339430033,1426223.4436363636,1.0,1.0913064648095527,1.057263695510115
full,json_metadata_after_tcp,core,1513004.8010165184,1477849.2388360975,1566187.5460041126,1473542.3055555555,0.9458378304738005,1.0321989390575004,1.0
full,json_metadata_after_tcp,step1,1465807.3591879888,1437787.0308650716,1505036.5914680886,1433894.7805555556,0.9163328837921922,1.0,0.9688054910355739
full,json_metadata_after_tcp,step2,1565640.374558698,1511595.8552371098,1629169.6008465828,1476425.933908046,0.9787423636593074,1.0681078688443846,1.0347887683547443
full,keepalive_4b_chunks,baseline,11861826.075,11755668.276250001,11988941.238125,11772796.0,1.0,0.9908157728389475,0.9272211715572196
full,keepalive_4b_chunks,core,12792876.65,12654710.801874999,12967987.1525,12610129.5,1.0784913359134716,1.0685862264932153,1.0
full,keepalive_4b_chunks,step1,11971777.6,11795537.1,12203778.776562499,11826887.25,1.0092693590602997,1.0,0.9358159175246952
full,keepalive_4b_chunks,step2,12200429.2125,12073114.63,12345808.3846875,12201617.25,1.028545616447171,1.0190992198602153,0.9536892714821885
full,keepalive_line_chunks,baseline,3957432.59,3892967.8147499985,4030100.861624998,3911698.4000000004,1.0,0.9835742648543485,0.9459565167229214
full,keepalive_line_chunks,core,4183524.845,4125861.0605000006,4250377.5075,4090894.7,1.0571310438922727,1.039766889351052,1.0
full,keepalive_line_chunks,step1,4023521.8949999996,3970463.4129999997,4082715.342499999,3945569.4,1.016700045672793,1.0,0.9617540337566705
full,keepalive_line_chunks,step2,4029084.545000001,3975116.6242500003,4088445.509750001,3956294.9000000004,1.0181056665831927,1.0013825325536103,0.9630836900169051
full,keepalive_tcp_chunks,baseline,1010618.268948479,986293.4054532439,1047377.2708279684,986011.1073414905,1.0,1.0123027444202795,0.9132264260813402
full,keepalive_tcp_chunks,core,1106645.8876853222,1080172.3255208582,1142554.8263956765,1074196.8113810741,1.0950186847866479,1.1084904198010086,1.0
full,keepalive_tcp_chunks,step1,998335.9963399436,982804.9807061728,1018982.3660506142,982130.4305555555,0.9878467736177827,1.0,0.9021277785869505
full,keepalive_tcp_chunks,step2,1010444.130372166,988286.9359154366,1040327.4934696385,984778.5740740742,0.9998276910464976,1.0121283155937608,0.9130690689915514
full,keepalive_whole_stream_chunk,baseline,1083755.6673133145,1055523.220981857,1119515.0148715714,1056700.1214285716,1.0,1.1044074033123796,1.0175868072796894
full,keepalive_whole_stream_chunk,core,1065025.2730875255,1048234.5613045729,1088204.0094115352,1043992.8565668203,0.9827171429956878,1.085320088086428,1.0
full,keepalive_whole_stream_chunk,step1,981300.617926749,957777.4899222646,1010870.2102749518,947853.3214285714,0.9054629632151713,1.0,0.9213871658481331
full,keepalive_whole_stream_chunk,step2,1202986.9113721042,1145715.2436693239,1268292.3045229267,1091780.5692934783,1.1100167202395075,1.2259106836330387,1.1295383703755928
full,large_data_event_chunks,baseline,91656.88711908084,90348.71639255657,93238.32301281573,90009.98212058212,1.0,1.1934969504113995,0.9684241106981405
full,large_data_event_chunks,core,94645.39978564253,93366.21356498393,96289.57900684154,93121.77222222222,1.0326054349050606,1.2324114375374269,1.0
full,large_data_event_chunks,step1,76796.9177361422,75878.40458248256,77899.9165101635,75618.63309822361,0.837873946519343,1.0,0.8114173315351362
full,large_data_event_chunks,step2,77070.89467644983,75884.12904929776,78504.49174914851,75664.51592741936,0.8408631047694118,1.003567551255754,0.814312104455195
full,large_data_tcp_chunks,baseline,158541.43708259735,156124.59200050042,161535.31049125816,155903.82797619049,1.0,1.1491165598698236,1.213030795550154
full,large_data_tcp_chunks,core,130698.60853012637,128555.41845059763,133310.41222767052,128239.92451298703,0.8243813789957931,0.9473102942523871,1.0
full,large_data_tcp_chunks,step1,137968.10751779395,135744.03687530546,140674.62170567206,135403.8163265306,0.870233738615066,1.0,1.0556203242668183
full,large_data_tcp_chunks,step2,135760.75622405924,134226.19872092077,137690.35877168775,133860.3676948052,0.8563108719225891,0.9840010033228148,1.0387314582065044
full,large_json_base64_tcp,baseline,163029.93153019372,158451.94280343843,168851.9770140238,156643.44280464674,1.0,1.1351271581456908,1.1201286310211742
full,large_json_base64_tcp,core,145545.72306715004,137671.98632176616,154406.9119247546,130546.3701814059,0.8927546107703201,1.0133900042451758,1.0
full,large_json_base64_tcp,step1,143622.6156341061,139157.8788923404,149310.90096190147,137158.36766917293,0.8809585717547007,1.0,0.9867869189659617
full,large_json_base64_tcp,step2,144398.2293618454,139691.40856141032,150136.5011037225,136589.56087262492,0.885716064568808,1.0054003592979763,0.9921159228789209
full,large_json_escaped_tcp,baseline,160928.7646175046,157718.790694528,164991.1060475456,156694.9466374269,1.0,1.1540206959962207,1.2054563391161401
full,large_json_escaped_tcp,core,133500.28482615983,129822.59014262729,138008.66283003174,128225.90758928572,0.8295613599188636,0.9573309779451382,1.0
full,large_json_escaped_tcp,step1,139450.50134354926,136522.90675329225,143237.64218865545,135890.21428571426,0.8665355859469569,1.0,1.044570815149478
full,large_json_escaped_tcp,step2,139553.2656065985,135965.57466899755,144167.01748894778,134591.18506493507,0.8671741558340338,1.0007369228655267,1.0453405832678235
full,large_json_utf8_tcp,baseline,1060837.858452119,1048666.7474841927,1077637.2453090765,1046826.7817047817,1.0,4.482953587946022,1.0167666134946964
full,large_json_utf8_tcp,core,1043344.5044049455,1025941.9406227618,1065541.2229945464,1021242.9186507936,0.9835098701391576,4.409029101120662,1.0
full,large_json_utf8_tcp,step1,236638.15331582958,233110.94960986424,241008.47607669304,232956.38950892858,0.22306722128215814,1.0,0.22680730316473202
full,large_json_utf8_tcp,step2,238374.58865352347,233842.80869487915,244808.7058285677,233005.58974358975,0.22470407400555883,1.0073379347893083,0.2284716003650937
full,large_utf8_event,baseline,894882.4989079756,879075.0710364814,919510.8637423045,878819.5561330562,1.0,5.114370490533506,1.0166291038290791
full,large_utf8_event,core,880244.8164600527,878074.0564827803,883168.5717970983,877836.4629629629,0.9836429000837705,5.030714221411235,1.0
full,large_utf8_event,step1,174974.12449183472,174758.13176289134,175298.8929432173,174748.4321603128,0.19552748512274573,1.0,0.19877893197429058
full,large_utf8_event,step2,174767.27610244826,174579.87571483786,175008.63120945738,174551.37,0.1952963392576306,0.9988178344084464,0.1985439423605848
full,large_utf8_tcp,baseline,952517.5335370183,944078.2049642082,963679.0301794119,945185.3987394958,1.0,4.03267069111302,1.0031162445217587
full,large_utf8_tcp,core,949558.4771345581,918707.4137675624,988237.6296987564,914609.0088235294,0.9968934362903827,4.020142942691171,1.0
full,large_utf8_tcp,step1,236200.17762326208,234885.53018069084,237843.3013801604,234817.8541666667,0.24797462441050433,1.0,0.24874737397535876
full,large_utf8_tcp,step2,236389.48024132647,235292.17168967286,238124.4354010985,235845.54836956522,0.24817336365823392,1.000801449939493,0.24894673254318034
full,medium_data_10b_chunks,baseline,2193382.2888888894,2142053.507777778,2257109.720416667,2110427.722222222,1.0,1.024010605068668,0.9452945823502731
full,medium_data_10b_chunks,core,2320316.153125,2284990.6720312503,2360533.2982031247,2266410.3125,1.0578712907818784,1.083271420558324,1.0
full,medium_data_10b_chunks,step1,2141952.708333334,2112530.971458333,2177015.0307638883,2106882.777777778,0.97655238632313,1.0,0.9231296801724858
full,medium_data_10b_chunks,step2,2160436.6083333334,2131515.663680556,2193653.4293750003,2131509.1666666665,0.9849795082587972,1.00862946223233,0.9310957928830771
full,metadata_events_tcp_chunks,baseline,4026027.1800000006,3950000.1253750003,4118533.0783749996,3907829.7,1.0,0.9827475175711436,0.8727549166772081
full,metadata_events_tcp_chunks,core,4613010.025,4522521.98640625,4719532.9715625,4484928.25,1.1457970398004118,1.1260291965042195,1.0
full,metadata_events_tcp_chunks,step1,4096705.5199999996,4012681.140125001,4197770.788374998,3982017.7,1.0175553558980193,1.0,0.8880764398512225
full,metadata_events_tcp_chunks,step2,4208095.749999999,4121924.6311249994,4312442.8805,4092578.7,1.0452228864485704,1.0271901969658779,0.912223413171533
full,mixed_json_tcp,baseline,908669.2340000141,848161.6187684749,978911.8178657908,809468.6529411764,1.0,1.1208751678635283,1.3851897273843825
full,mixed_json_tcp,core,655989.0071635388,637885.3092749674,683115.9559586511,631114.7110389611,0.7219227664128536,0.80918530198751,1.0
full,mixed_json_tcp,step1,810678.3521058866,790065.6558855509,837277.0413081242,800980.7526455027,0.8921600091347144,1.0,1.2358108798365632
full,mixed_json_tcp,step2,616831.3403494393,577808.0311438469,660913.4246503941,554727.5966666667,0.6788293443524134,0.7608829553017002,0.9403074344440386
full,mixed_json_whole,baseline,724859.6794799541,703948.9680566144,752630.0645341648,717859.1,1.0,0.9554405939074211,1.220782582415932
full,mixed_json_whole,core,593766.4002753503,571088.3407884386,623081.5924575352,564618.4128571429,0.8191466805014512,0.782645990915599,1.0
full,mixed_json_whole,step1,758665.3572207238,722703.1150025678,801818.8208371947,720838.7613636364,1.0466375475112968,1.0,1.2777168881043184
full,mixed_json_whole,step2,495567.0128625161,479041.1176124526,517484.9716440582,476686.5795454546,0.6836730292655504,0.6532089651199631,0.8346161261949215
full,mixed_multiline_tcp,baseline,706902.041186879,681465.1445340976,740848.7537948956,678899.9356060605,1.0,0.8903228093812071,1.0324388912504217
full,mixed_multiline_tcp,core,684691.4109664409,663808.19549152,714770.3812080504,658098.3149350649,0.9685803280704257,0.8623491587990327,1.0
full,mixed_multiline_tcp,step1,793983.9727100675,743243.7526422916,849872.8736444128,690042.2115384615,1.123188117234715,1.0,1.1596230944234576
full,mixed_multiline_tcp,step2,450648.806393355,435322.09453356045,471543.3178653849,434228.81944444444,0.6374982389875713,0.5675792231109867,0.6581779750344244
full,mixed_multiline_whole,baseline,670265.6517896692,641920.5288453314,707738.1284198076,633200.6477272727,1.0,0.951468549206304,1.047144781615688
full,mixed_multiline_whole,core,640088.8048694521,617969.5454139917,670108.8151946384,609582.4343434344,0.9549777810639077,0.9086313238731317,1.0
full,mixed_multiline_whole,step1,704453.8175736774,671494.7773262106,743016.8458363494,642090.44348659,1.0510068891233242,1.0,1.1005563793876267
full,mixed_multiline_whole,step2,429811.9779313325,420892.95227852406,441495.2694573816,420532.325,0.641256159828116,0.6101350680612634,0.6714880414429273
full,multiline_data_tcp_chunks,baseline,2750248.339285714,2692764.595267857,2820702.659910715,2667101.5714285714,1.0,0.9933580019471543,0.9692384826074357
full,multiline_data_tcp_chunks,core,2837535.228571428,2741086.314642857,2955759.745714286,2682534.7142857146,1.0317378209228858,1.0248850203252686,1.0
full,multiline_data_tcp_chunks,step1,2768637.6249999995,2710628.3338392857,2836198.1148214284,2665769.2857142854,1.0066864091695302,1.0,0.9757192076850036
full,multiline_data_tcp_chunks,step2,2849565.792857143,2790606.6484821434,2918464.322232142,2769200.4285714286,1.0361121765452002,1.0292303214860572,1.0042397938057572
full,small_data_4b_chunks,baseline,11532773.075,11449657.2275,11639172.76375,11460234.25,1.0,0.9951799461487724,1.0663984558130017
full,small_data_4b_chunks,core,10814694.0875,10660194.644375,10997144.4303125,10572808.25,0.9377357914848248,0.9332158544716442,1.0
full,small_data_4b_chunks,step1,11588630.9,11455857.695,11739117.5721875,11441985.25,1.0048433992966606,1.0,1.0715634493438462
full,small_data_4b_chunks,step2,11703051.0875,11568747.305937499,11864810.46,11594164.5,1.01476470675289,1.0098734862200158,1.0821435162948154
full,small_data_event_chunks,baseline,4812150.95,4736969.3884375,4896934.46796875,4733552.875,1.0,0.9719501035112316,1.0779711802580727
full,small_data_event_chunks,core,4464081.265,4380377.947249999,4561986.68475,4353475.7,0.9276685855002116,0.9016475777010485,1.0
full,small_data_event_chunks,step1,4951026.7375,4883085.3421875,5029557.0203125,4866932.875,1.028859399662016,1.0,1.1090807813732755
full,small_data_event_chunks,step2,4923455.98125,4848718.20046875,5011171.911875,4814248.5,1.0231299957974094,0.9944313053207381,1.1029046491271706
full,small_data_tcp_chunks,baseline,3864642.0549999997,3803694.2556249998,3936006.0081250006,3776061.1,1.0,0.9878325043850084,1.227109442374644
full,small_data_tcp_chunks,core,3149386.616666666,3079585.3471874995,3233023.369166667,3036310.75,0.8149232378693521,0.8050076629460219,1.0
full,small_data_tcp_chunks,step1,3912244.270000001,3844045.078375001,3994001.639875001,3813648.1,1.0123173671254793,1.0,1.2422241998795145
full,small_data_tcp_chunks,step2,3934696.6499999994,3857972.9510000013,4025183.523624999,3829643.0,1.0181270591177687,1.005739002590449,1.2493533277805413
full,small_data_whole_stream_chunk,baseline,3838281.474999999,3777258.9589999993,3911355.5987499994,3749598.2,1.0,0.9900375491537389,1.2286801215102097
full,small_data_whole_stream_chunk,core,3123906.2208333327,3059815.9988541664,3200740.534791666,3024170.0833333335,0.8138814834660695,0.8057732291923567,1.0
full,small_data_whole_stream_chunk,step1,3876904.9500000007,3816261.5101250005,3947976.8541250005,3799152.5,1.0100627000003957,1.0,1.2410439609694166
full,small_data_whole_stream_chunk,step2,3903360.5700000017,3831217.4626249983,3987794.6540000006,3808355.8,1.0169552690244017,1.0068239021438998,1.2495127235153498
full,varied_sizes_tcp,baseline,41434.942811861816,39632.44411103615,43539.74651214519,37867.23260869565,1.0,1.1294136619282378,1.1437344529865743
full,varied_sizes_tcp,core,36227.764848444414,33942.33376874451,38925.97913988106,31843.112213438733,0.8743288246574649,0.9874789195857996,1.0
full,varied_sizes_tcp,step1,36687.12731978141,35085.02814096792,38493.206352040266,33103.54852071006,0.8854151793176549,1.0,1.0126798457828876
full,varied_sizes_tcp,step2,39192.13177431264,37097.54508571069,41488.452110230064,34755.26218377976,0.9458715063821178,1.0682802017366062,1.0818258299475385
focus2,json_crlf_tcp,baseline,2050221.0272727276,1971702.2687272725,2149605.713136363,1937884.2727272727,1.0,0.9910073339158391,0.9330735987784115
focus2,json_crlf_tcp,core,2197276.86,2118219.81545,2297840.957849999,2087256.7999999998,1.0717268190946665,1.0620891376771082,1.0
focus2,json_crlf_tcp,step1,2068825.282222222,1995316.813166667,2159890.783722223,1961477.9444444445,1.0090742679457554,1.0,0.9415405586268369
focus2,json_crlf_tcp,step2,2151680.216,2068479.9532500003,2251587.7039500005,2012572.0,1.0494869515908911,1.0400492658755502,0.9792485667918972
focus2,json_metadata_after_tcp,baseline,1474650.3032646521,1443540.29727126,1513672.6298330822,1430420.289473684,1.0,0.9845775996374738,0.9511338858162358
focus2,json_metadata_after_tcp,core,1550412.96,1502358.361208333,1609124.6597499994,1480581.0,1.0513766935575308,1.0351619412576576,1.0
focus2,json_metadata_after_tcp,step1,1497749.1909298215,1459323.9545519012,1542197.5650225785,1437358.0444078948,1.0156639764790554,1.0,0.9660324246320938
focus2,json_metadata_after_tcp,step2,1517865.8816155994,1492644.4722610563,1546218.2562807885,1470801.8415750917,1.0293056450436247,1.0134312812903536,0.9790074778629297
focus2,keepalive_4b_chunks,baseline,11960665.32,11831195.715750001,12107368.4805,11748831.0,1.0,1.0167835390079352,0.9409296503155684
focus2,keepalive_4b_chunks,core,12711540.46,12610423.00825,12840495.49625,12572106.25,1.0627787100391837,1.0806158979759295,1.0
focus2,keepalive_4b_chunks,step1,11763236.58,11654805.3985,11889817.47175,11654730.25,0.9834934985038106,1.0,0.9253981936348256
focus2,keepalive_4b_chunks,step2,12223411.75,12107183.78625,12357982.533499999,12039917.5,1.0219675430229327,1.0391197751461019,0.9615995628904287
focus2,keepalive_whole_stream_chunk,baseline,1070909.9379909323,1053423.3768949658,1092102.4249607134,1057665.005050505,1.0,1.0649639460450226,1.0054078938098334
focus2,keepalive_whole_stream_chunk,core,1065149.721405995,1042780.0736657935,1094131.2127846023,1036309.9319148937,0.9946211942007527,1.0592357117960463,1.0
focus2,keepalive_whole_stream_chunk,step1,1005583.280042476,977553.2564259893,1037237.4520022798,950102.5111972438,0.9389989245304684,1.0,0.944076931001877
focus2,keepalive_whole_stream_chunk,step2,1132466.119393844,1103923.3699591386,1167512.1924110637,1085930.8232142855,1.0574802597484467,1.126178350286421,1.0631990006991612
focus2,metadata_events_tcp_chunks,baseline,4142506.2466666657,4039453.881666666,4259491.309166668,3934087.25,1.0,0.9846943408800581,0.917005015660927
focus2,metadata_events_tcp_chunks,core,4517430.304,4454494.667599999,4598567.9235000005,4447544.0,1.0905065762145858,1.0738156542909905,1.0
focus2,metadata_events_tcp_chunks,step1,4206895.556,4115846.2673000004,4314424.205399999,4080965.9000000004,1.0155435636060044,1.0,0.9312585414488778
focus2,metadata_events_tcp_chunks,step2,4262029.056000002,4159922.249500001,4383734.6367999995,4104629.5,1.0288527770910454,1.0131055072002844,0.9434631569691622
focus2,multiline_data_tcp_chunks,baseline,2795127.5175,2726610.7190625,2872592.917375,2686630.9375,1.0,1.0184113745093946,0.9917830064652609
focus2,multiline_data_tcp_chunks,core,2818285.35,2722393.5433124998,2937835.5340625,2680503.375,1.008285071917117,1.0268489859884147,1.0
focus2,multiline_data_tcp_chunks,step1,2744595.7375,2701812.1880624997,2796353.7134375,2684551.625,0.9819214759671514,1.0,0.9738530335475077
focus2,multiline_data_tcp_chunks,step2,2895621.6475,2825169.9396875002,2976593.306125,2768642.5625,1.035953325696526,1.0550266503501775,1.0274409039169863
focus2,small_data_tcp_chunks,baseline,3827386.216666666,3785428.0841666665,3878338.8108333317,3768795.25,1.0,0.991790045726737,1.2458730645194802
focus2,small_data_tcp_chunks,core,3072051.5,3032816.070666666,3121158.743083334,3024873.333333333,0.8026499877703747,0.7960602680733448,1.0
focus2,small_data_tcp_chunks,step1,3859068.996666666,3813849.531416666,3916167.323916667,3814910.583333333,1.0082779155816664,1.0,1.2561862965730444
focus2,small_data_tcp_chunks,step2,4356010.629999999,4047584.6837500003,4746506.579583332,3870239.4166666665,1.1381162974960288,1.128772414735931,1.4179484393409416
focus2,small_data_whole_stream_chunk,baseline,3831169.3433333323,3778063.678250001,3894219.619916667,3775628.0,1.0,0.951701477781679,1.2357905621210916
focus2,small_data_whole_stream_chunk,core,3100176.891428571,3050165.381642858,3160030.3750714273,3030131.785714286,0.8091986058573029,0.7701155090132696,1.0
focus2,small_data_whole_stream_chunk,step1,4025599.8680000002,3865736.1158999996,4222867.136000001,3789123.2,1.0507496555862244,1.0,1.2985065075254436
focus2,small_data_whole_stream_chunk,step2,3900132.531999999,3844989.0484,3968640.298699999,3839401.7,1.0180005587032248,0.9688326361004339,1.2580354826794435
focus2,varied_sizes_tcp,baseline,38926.504298244974,37997.07551690775,40171.42629115388,37505.531006864985,1.0,1.1254442164133769,1.1728179680604156
focus2,varied_sizes_tcp,core,33190.57633694076,32083.392122644193,34585.5982256961,31474.522945736433,0.8526472370250101,0.9596069015506434,1.0
focus2,varied_sizes_tcp,step1,34587.679896119545,33810.53619117792,35599.8719009267,33624.06510416667,0.8885380416160038,1.0,1.0420933805124628
focus2,varied_sizes_tcp,step2,35515.24376398848,34747.11183266136,36554.270575137765,34539.52005130975,0.912366635644437,1.0268177533345624,1.0700399837426262
focus3,json_crlf_tcp,baseline,2017503.009090909,1956322.0734545456,2095108.3824090916,1926232.772727273,1.0,0.9957503594237032,0.9175022495784163
focus3,json_crlf_tcp,core,2198907.97,2134199.31435,2280889.1605999996,2102653.2,1.0899155838140895,1.0852838343243747,1.0
focus3,json_crlf_tcp,step1,2026113.2622222218,1977296.4862222222,2086398.477722222,1949109.611111111,1.0042677770950104,1.0,0.9214179446637877
focus3,json_crlf_tcp,step2,2100098.2,2038792.618545454,2174824.0556818177,2006780.3636363638,1.0409393148545085,1.03651569690464,0.9550641630536271
focus3,json_metadata_after_tcp,baseline,1486511.3338461537,1444781.614,1538722.089,1421585.8846153845,1.0,1.0037070223079372,0.9611619844056168
focus3,json_metadata_after_tcp,core,1546577.3282381878,1505666.3150150017,1594022.1637860427,1472900.0915151513,1.0404073571619674,1.0442641704443087,1.0
focus3,json_metadata_after_tcp,step1,1481021.155384616,1449913.093923077,1520323.0646538457,1433516.076923077,0.996306668952646,1.0,0.9576120950070751
focus3,json_metadata_after_tcp,step2,1517299.9349008,1483652.0615775634,1558785.798524754,1466730.668560606,1.0207119854074607,1.0244957875073448,0.9810695574008319
focus3,keepalive_4b_chunks,baseline,11781282.19,11673617.294,11909326.03825,11641130.25,1.0,1.0042608914013451,0.894836946919941
focus3,keepalive_4b_chunks,core,13165842.37,13017726.047249999,13325319.675999999,13080259.25,1.117522028389679,1.1222836683912583,1.0
focus3,keepalive_4b_chunks,step1,11731296.41,11634476.59075,11844741.964750001,11611754.0,0.9957571867650851,1.0,0.8910403208784582
focus3,keepalive_4b_chunks,step2,12066465.26,11978133.0375,12172733.2985,11949551.5,1.0242064543910225,1.0285704868657393,0.9164977766629604
focus3,keepalive_whole_stream_chunk,baseline,1087353.57624263,1065413.9119729814,1113446.3149130158,1060029.532051282,1.0,1.1285027185388654,1.0057431425272874
focus3,keepalive_whole_stream_chunk,core,1081144.4098045425,1052494.611377672,1117367.8973841926,1040472.3513157895,0.9942896528105023,1.1220585762117166,1.0
focus3,keepalive_whole_stream_chunk,step1,963536.5146931027,949821.4383332416,982113.0874990356,948100.664347826,0.8861298989999377,1.0,0.891219069307585
focus3,keepalive_whole_stream_chunk,step2,1101790.5745600862,1080870.811584601,1126675.053145137,1087473.8292929293,1.0132771884259981,1.1434860617721572,1.0190965837387775
focus3,metadata_events_tcp_chunks,baseline,4103945.46,4023131.7025833335,4196489.422083333,3934658.583333333,1.0,0.9768797613684491,0.9002041153095517
focus3,metadata_events_tcp_chunks,core,4558905.463999999,4484597.494,4646490.126699998,4437466.3,1.1108591740398028,1.085175844849955,1.0
focus3,metadata_events_tcp_chunks,step1,4201075.324,4133059.2506,4281262.655700001,4097382.0,1.0236674353854596,1.0,0.9215096380423653
focus3,metadata_events_tcp_chunks,step2,4326031.316,4191672.3681,4492998.273699999,4106732.3,1.0541152064920472,1.0297438113728046,0.9489188468945188
focus3,multiline_data_tcp_chunks,baseline,2739983.415,2692595.0933125,2795549.8784999996,2671761.875,1.0,1.00008818440442,0.9821349872777801
focus3,multiline_data_tcp_chunks,core,2789823.65,2727143.7879375,2866599.671125,2676729.0625,1.0181899768907907,1.0182797653674893,1.0
focus3,multiline_data_tcp_chunks,step1,2739741.8125,2691244.7814375004,2795957.4604375,2676073.5625,0.9999118233713834,1.0,0.9820483859257556
focus3,multiline_data_tcp_chunks,step2,2838275.2028571437,2790063.0200714287,2894990.9300714293,2766305.428571428,1.03587313241352,1.0359644802687566,1.0173672457243468
focus3,small_data_tcp_chunks,baseline,3833290.88,3788877.1090833326,3887318.0318333334,3775604.166666667,1.0,0.9882029678461273,1.2356753133551492
focus3,small_data_tcp_chunks,core,3102182.9428571435,3054284.6448571426,3162453.415142857,3036753.1428571427,0.8092740780624359,0.7997270457422376,1.0
focus3,small_data_tcp_chunks,step1,3879052.1833333336,3833613.013916666,3934437.3239999996,3820405.6666666665,1.0119378635135912,1.0,1.250426636593097
focus3,small_data_tcp_chunks,step2,3934235.166666666,3860858.4408333334,4026341.0855,3839008.25,1.0263335838126288,1.014225893523792,1.2682150727845836
focus3,small_data_whole_stream_chunk,baseline,3807847.0933333337,3761446.280333333,3864329.1338333334,3744033.25,1.0,0.9833628832230871,1.23492179343729
focus3,small_data_whole_stream_chunk,core,3083472.26,3041750.606142857,3134369.341357142,3026486.7142857146,0.8097678778642272,0.7962956751180071,1.0
focus3,small_data_whole_stream_chunk,step1,3872270.51,3822160.3515833337,3932746.794166666,3807856.833333333,1.0169185933908578,1.0,1.2558149331299644
focus3,small_data_whole_stream_chunk,step2,3908663.9966666675,3843547.842083334,3982987.4945,3822375.833333333,1.0264760902584142,1.009398487676076,1.2676176943024187
focus3,varied_sizes_tcp,baseline,40916.41130696115,39618.92963359077,42443.04698401385,37764.52735260771,1.0,1.1796210087454098,1.254143873270201
focus3,varied_sizes_tcp,core,32624.97403927902,31899.786414388826,33630.30074396236,31651.72304347826,0.7973566839604161,0.9405786958632809,1.0
focus3,varied_sizes_tcp,step1,34686.06527318291,33956.330016697066,35672.411937073804,33605.49281609195,0.8477299001851059,1.0,1.0631752605051097
focus3,varied_sizes_tcp,step2,35731.289657545676,35155.7522476603,36493.364976045705,35027.01052631579,0.8732752584160938,1.0301338412452008,1.0952128150209957
