mode,scenario,variant,reference,rounds,ratio_median,ratio_p10,ratio_p90
bytes_tokio,json_crlf_tcp,baseline,step1,31,0.9396674891579951,0.9188788039442337,0.9542872338560265
bytes_tokio,json_crlf_tcp,baseline,step2,31,0.9544771201856111,0.9404627398487193,0.9704003503257523
bytes_tokio,json_crlf_tcp,cold_copy,baseline,31,1.060517141601934,1.0361379311752752,1.084444785414694
bytes_tokio,json_crlf_tcp,cold_copy,step1,31,0.9961215732032438,0.9744634216249937,1.0124084225626313
bytes_tokio,json_crlf_tcp,cold_copy,step2,31,1.0121642321024809,0.9977980612019066,1.0287935393788445
bytes_tokio,json_crlf_tcp,data_only,baseline,31,1.083361626003092,1.0630943968773994,1.103701605724657
bytes_tokio,json_crlf_tcp,data_only,step1,31,1.014168011379603,1.002718973331221,1.0265041522011105
bytes_tokio,json_crlf_tcp,data_only,step2,31,1.0345267290809679,1.0092816364037416,1.047743703066724
bytes_tokio,json_crlf_tcp,step1,baseline,31,1.064206234160625,1.047902522974409,1.088282802593289
bytes_tokio,json_crlf_tcp,step1,step2,31,1.0195957582247313,0.9966234046956339,1.0346178843904048
bytes_tokio,json_crlf_tcp,step2,baseline,31,1.0476940503356815,1.0305025133846164,1.0633063465766412
bytes_tokio,json_crlf_tcp,step2,step1,31,0.9807808554844811,0.9665404156329642,1.0033880353285476
bytes_tokio,json_line_tcp,baseline,step1,31,1.0192840014095033,0.9977146339864196,1.0904183923061754
bytes_tokio,json_line_tcp,baseline,step2,31,0.9942731782522176,0.9694655303402331,1.0748626900167897
bytes_tokio,json_line_tcp,cold_copy,baseline,31,1.0174966902570977,0.9938594115866771,1.0623803639027296
bytes_tokio,json_line_tcp,cold_copy,step1,31,1.0360650413014612,1.014959361680178,1.1255814846965688
bytes_tokio,json_line_tcp,cold_copy,step2,31,1.0142956049681815,0.9794404527876839,1.1024236153568796
bytes_tokio,json_line_tcp,data_only,baseline,31,1.0115444477844753,0.962183896027888,1.0456636902300178
bytes_tokio,json_line_tcp,data_only,step1,31,1.0365562186064483,0.9978894252476039,1.0604455199192575
bytes_tokio,json_line_tcp,data_only,step2,31,1.0109311710793574,0.9656184858147604,1.060881708967586
bytes_tokio,json_line_tcp,step1,baseline,31,0.9810808357799821,0.917079175347597,1.0022906008749708
bytes_tokio,json_line_tcp,step1,step2,31,0.9822350461172862,0.936471857683365,1.0019015276010073
bytes_tokio,json_line_tcp,step2,baseline,31,1.005759807136555,0.9303513921246812,1.0314961890899317
bytes_tokio,json_line_tcp,step2,step1,31,1.0180862553753682,0.9981020813437022,1.067837748454919
bytes_tokio,json_metadata_after_tcp,baseline,step1,31,0.9627947394171298,0.9522925560919815,0.9762903822920306
bytes_tokio,json_metadata_after_tcp,baseline,step2,31,0.9773318019909695,0.9514668683646109,0.9910545100207118
bytes_tokio,json_metadata_after_tcp,cold_copy,baseline,31,1.0388933032296825,1.0273025330561978,1.049047998463317
bytes_tokio,json_metadata_after_tcp,cold_copy,step1,31,0.9998700499874381,0.9893756852820463,1.011109041487887
bytes_tokio,json_metadata_after_tcp,cold_copy,step2,31,1.010947047186945,0.996304261079852,1.0307259064401275
bytes_tokio,json_metadata_after_tcp,data_only,baseline,31,1.0594805338618976,1.0364869188211219,1.0863364878330897
bytes_tokio,json_metadata_after_tcp,data_only,step1,31,1.018979992601342,1.000456916624499,1.0376889293739897
bytes_tokio,json_metadata_after_tcp,data_only,step2,31,1.031279922103844,1.0125284638437708,1.0494584131754678
bytes_tokio,json_metadata_after_tcp,step1,baseline,31,1.0386429828287118,1.0242854156283978,1.0500974659550004
bytes_tokio,json_metadata_after_tcp,step1,step2,31,1.0137243549675197,0.9929361857002589,1.0293518124337595
bytes_tokio,json_metadata_after_tcp,step2,baseline,31,1.0231939633631608,1.0090262340656735,1.0510087458103594
bytes_tokio,json_metadata_after_tcp,step2,step1,31,0.9864614528591855,0.9714851500923078,1.007114066746152
bytes_tokio,keepalive_4b_chunks,baseline,step1,31,0.9978381816683697,0.973418232120216,1.0289227976354716
bytes_tokio,keepalive_4b_chunks,baseline,step2,31,0.9819260343634914,0.9700203155320404,0.9986693089508475
bytes_tokio,keepalive_4b_chunks,cold_copy,baseline,31,1.0184950701335764,1.0102320602427777,1.0395417490756902
bytes_tokio,keepalive_4b_chunks,cold_copy,step1,31,1.016734657411204,1.0030450828685984,1.0395466614631226
bytes_tokio,keepalive_4b_chunks,cold_copy,step2,31,1.003474072149398,0.98909507206139,1.0144733528849739
bytes_tokio,keepalive_4b_chunks,data_only,baseline,31,1.024841946403061,0.9977862539795557,1.0506991116235864
bytes_tokio,keepalive_4b_chunks,data_only,step1,31,1.0230067465768555,1.0010064678899495,1.0500391168439083
bytes_tokio,keepalive_4b_chunks,data_only,step2,31,1.0058971396118674,0.9926644177921943,1.024253796656854
bytes_tokio,keepalive_4b_chunks,step1,baseline,31,1.0021665019151862,0.9718902159598972,1.0273076535888235
bytes_tokio,keepalive_4b_chunks,step1,step2,31,0.9818228518102305,0.9682321621679385,1.0030126269291681
bytes_tokio,keepalive_4b_chunks,step2,baseline,31,1.0184066467371187,1.0013324641472667,1.030906243908424
bytes_tokio,keepalive_4b_chunks,step2,step1,31,1.018513673985338,0.9969964217316072,1.0328101452041536
bytes_tokio,keepalive_tcp_chunks,baseline,step1,31,1.0248782063624209,1.0085907541243528,1.0321322289505854
bytes_tokio,keepalive_tcp_chunks,baseline,step2,31,1.0252291674538359,1.0175129714800875,1.037100522892592
bytes_tokio,keepalive_tcp_chunks,cold_copy,baseline,31,0.9787812901808741,0.9710941021996349,0.9926593837363272
bytes_tokio,keepalive_tcp_chunks,cold_copy,step1,31,1.002297520224077,0.9881140234030782,1.0143680241987776
bytes_tokio,keepalive_tcp_chunks,cold_copy,step2,31,1.0063929150352455,0.9977941394949312,1.0204401631441244
bytes_tokio,keepalive_tcp_chunks,data_only,baseline,31,0.9792513499155429,0.9699225739363505,0.9976090226931948
bytes_tokio,keepalive_tcp_chunks,data_only,step1,31,1.0032559221236586,0.9587315200522748,1.01609082699876
bytes_tokio,keepalive_tcp_chunks,data_only,step2,31,1.0049987731726093,0.9974957895520272,1.0204316447489243
bytes_tokio,keepalive_tcp_chunks,step1,baseline,31,0.9757256948113663,0.9688681081267506,0.9914824183255465
bytes_tokio,keepalive_tcp_chunks,step1,step2,31,1.0018937137906763,0.9930760456632196,1.0408297933208466
bytes_tokio,keepalive_tcp_chunks,step2,baseline,31,0.9753916799728858,0.9642266857709082,0.9827884538369935
bytes_tokio,keepalive_tcp_chunks,step2,step1,31,0.9981098655829357,0.9607718826047668,1.0069722297371058
bytes_tokio,keepalive_whole_stream_chunk,baseline,step1,31,0.9982647544047666,0.9819672998062603,1.0157849203559064
bytes_tokio,keepalive_whole_stream_chunk,baseline,step2,31,1.0004562429240103,0.9943260949128574,1.024174708508837
bytes_tokio,keepalive_whole_stream_chunk,cold_copy,baseline,31,1.1466886903496556,1.016483666900848,1.215822436583613
bytes_tokio,keepalive_whole_stream_chunk,cold_copy,step1,31,1.136665683235889,1.0663653089774785,1.2134199672480968
bytes_tokio,keepalive_whole_stream_chunk,cold_copy,step2,31,1.1467164003471388,1.0435004749963808,1.209542287477784
bytes_tokio,keepalive_whole_stream_chunk,data_only,baseline,31,0.9996359133903866,0.9856461074401514,1.016313164852625
bytes_tokio,keepalive_whole_stream_chunk,data_only,step1,31,1.0003737027490773,0.9758014170953871,1.0260619822228014
bytes_tokio,keepalive_whole_stream_chunk,data_only,step2,31,1.0000708003504089,0.9881283348886593,1.0345366528839972
bytes_tokio,keepalive_whole_stream_chunk,step1,baseline,31,1.00173826190655,0.9844603714432227,1.0183638499951042
bytes_tokio,keepalive_whole_stream_chunk,step1,step2,31,1.000809806876613,0.9938408982864739,1.0222802397400284
bytes_tokio,keepalive_whole_stream_chunk,step2,baseline,31,0.9995439651386684,0.976395913404233,1.0057062819895517
bytes_tokio,keepalive_whole_stream_chunk,step2,step1,31,0.9991908483799332,0.978205350280766,1.0061972713380434
bytes_tokio,large_data_tcp_chunks,baseline,step1,31,1.1436953368571376,1.124149164827327,1.1644450361553458
bytes_tokio,large_data_tcp_chunks,baseline,step2,31,1.1456360841240532,1.1255852268726623,1.1625376741965325
bytes_tokio,large_data_tcp_chunks,cold_copy,baseline,31,0.8746440634521422,0.8598813822792032,0.8834042557346871
bytes_tokio,large_data_tcp_chunks,cold_copy,step1,31,0.9986075094696432,0.9818179192818206,1.0146503847404857
bytes_tokio,large_data_tcp_chunks,cold_copy,step2,31,1.0002195005190282,0.9852469686125306,1.0117096366035117
bytes_tokio,large_data_tcp_chunks,data_only,baseline,31,0.8750804793351659,0.8622386840697928,0.8941167255149636
bytes_tokio,large_data_tcp_chunks,data_only,step1,31,1.004823162575905,0.9808289513545702,1.0315732016439532
bytes_tokio,large_data_tcp_chunks,data_only,step2,31,1.0038137009049648,0.9893384486728092,1.0261516399265125
bytes_tokio,large_data_tcp_chunks,step1,baseline,31,0.8743587280402743,0.8587781895671994,0.8895616625339959
bytes_tokio,large_data_tcp_chunks,step1,step2,31,1.0016320172556439,0.9837229998840721,1.018480858575406
bytes_tokio,large_data_tcp_chunks,step2,baseline,31,0.8728775340247722,0.8601871768939724,0.8884267278262086
bytes_tokio,large_data_tcp_chunks,step2,step1,31,0.9983706418849155,0.9818544861007443,1.0165463246440778
bytes_tokio,large_utf8_tcp,baseline,step1,31,4.004223772813029,3.9389469769830217,4.501171927884832
bytes_tokio,large_utf8_tcp,baseline,step2,31,4.009188499404521,3.8668184712602933,4.452125952224484
bytes_tokio,large_utf8_tcp,cold_copy,baseline,31,0.24847738396888167,0.21612730389227228,0.258082999207365
bytes_tokio,large_utf8_tcp,cold_copy,step1,31,1.0006557904757991,0.9651184577732718,1.0442393326489785
bytes_tokio,large_utf8_tcp,cold_copy,step2,31,0.9905249596201128,0.9553873558368117,1.0254065076085281
bytes_tokio,large_utf8_tcp,data_only,baseline,31,0.24887989454226264,0.20863968797891216,0.2538668530144956
bytes_tokio,large_utf8_tcp,data_only,step1,31,0.9955709173910918,0.9590521804544991,1.021559277853882
bytes_tokio,large_utf8_tcp,data_only,step2,31,0.9917223565411865,0.9535360546838808,1.021900565990112
bytes_tokio,large_utf8_tcp,step1,baseline,31,0.2497362926591599,0.22216436430810027,0.2538749584199621
bytes_tokio,large_utf8_tcp,step1,step2,31,0.9982048814134316,0.9707912382655342,1.0214605297128394
bytes_tokio,large_utf8_tcp,step2,baseline,31,0.2494270349594509,0.22461179461923234,0.2586105366549764
bytes_tokio,large_utf8_tcp,step2,step1,31,1.0017983468323923,0.9789903485366463,1.0300875827707836
bytes_tokio,metadata_events_tcp_chunks,baseline,step1,31,0.9482246195664156,0.9242467223644788,0.9734183703091731
bytes_tokio,metadata_events_tcp_chunks,baseline,step2,31,0.931961024850163,0.9147916337292029,0.9554861310870564
bytes_tokio,metadata_events_tcp_chunks,cold_copy,baseline,31,1.0670299050046776,1.0461251656475707,1.1113455329179724
bytes_tokio,metadata_events_tcp_chunks,cold_copy,step1,31,1.0105640830173759,0.9903459057591865,1.0453615322658698
bytes_tokio,metadata_events_tcp_chunks,cold_copy,step2,31,0.9974935053372259,0.9896148324272462,1.0085610038224968
bytes_tokio,metadata_events_tcp_chunks,data_only,baseline,31,1.1218253323004859,1.093106109522717,1.1884621835424367
bytes_tokio,metadata_events_tcp_chunks,data_only,step1,31,1.0616940739986227,1.0491608854021783,1.0870175156557471
bytes_tokio,metadata_events_tcp_chunks,data_only,step2,31,1.0469648218896406,1.0291423948632776,1.0876606865907552
bytes_tokio,metadata_events_tcp_chunks,step1,baseline,31,1.054602442675723,1.0273075077496063,1.0819621815284597
bytes_tokio,metadata_events_tcp_chunks,step1,step2,31,0.985666785525983,0.9687765278894399,1.011663117095475
bytes_tokio,metadata_events_tcp_chunks,step2,baseline,31,1.0730062452566362,1.0465876661781581,1.093145108819415
bytes_tokio,metadata_events_tcp_chunks,step2,step1,31,1.0145416429613872,0.9884713429812878,1.0322297983195186
bytes_tokio,mixed_json_tcp,baseline,step1,31,1.0291722900143383,1.0077700001631666,1.0573104959622457
bytes_tokio,mixed_json_tcp,baseline,step2,31,1.1960468003945088,1.1648115487899173,1.2281242218301063
bytes_tokio,mixed_json_tcp,cold_copy,baseline,31,0.8563251282508036,0.8359865055209921,0.8838338516731544
bytes_tokio,mixed_json_tcp,cold_copy,step1,31,0.8815421741531869,0.869794698045956,0.9012602611301335
bytes_tokio,mixed_json_tcp,cold_copy,step2,31,1.0300397354954227,0.9962545086515077,1.0431415537627962
bytes_tokio,mixed_json_tcp,data_only,baseline,31,0.8370930198599282,0.8197209624826656,0.8614758494031222
bytes_tokio,mixed_json_tcp,data_only,step1,31,0.8629591882816895,0.8520913996415358,0.8831845724775708
bytes_tokio,mixed_json_tcp,data_only,step2,31,1.0071109636790616,0.9829433265343798,1.022059882734941
bytes_tokio,mixed_json_tcp,step1,baseline,31,0.971654609925485,0.9457959642119244,0.9922899072586913
bytes_tokio,mixed_json_tcp,step1,step2,31,1.160582695756874,1.1376206717183894,1.1888841626792812
bytes_tokio,mixed_json_tcp,step2,baseline,31,0.836087684587389,0.8142498797962279,0.8585079715588891
bytes_tokio,mixed_json_tcp,step2,step1,31,0.8616361450640534,0.8411248390645477,0.8790276274511505
bytes_tokio,mixed_multiline_tcp,baseline,step1,31,1.0139866019039074,0.9762482275078684,1.0486710279161602
bytes_tokio,mixed_multiline_tcp,baseline,step2,31,1.199539381541422,1.1507911280111978,1.2858990222241151
bytes_tokio,mixed_multiline_tcp,cold_copy,baseline,31,0.8317681518178165,0.7983727317088546,0.8579919076656032
bytes_tokio,mixed_multiline_tcp,cold_copy,step1,31,0.8433792893268788,0.7924635635870096,0.8604683905447114
bytes_tokio,mixed_multiline_tcp,cold_copy,step2,31,1.0031171948229556,0.9888875755415236,1.0267468899878625
bytes_tokio,mixed_multiline_tcp,data_only,baseline,31,0.8401792260848424,0.7891215890553166,0.8676279242107281
bytes_tokio,mixed_multiline_tcp,data_only,step1,31,0.8472415593120346,0.8057293741947305,0.8703619658692872
bytes_tokio,mixed_multiline_tcp,data_only,step2,31,1.0097864090171702,0.9873456890041957,1.0285063231382374
bytes_tokio,mixed_multiline_tcp,step1,baseline,31,0.9862063247407358,0.953587896851813,1.0243296446773216
bytes_tokio,mixed_multiline_tcp,step1,step2,31,1.190409725862818,1.1678923209081469,1.2750478261972045
bytes_tokio,mixed_multiline_tcp,step2,baseline,31,0.8336533300932467,0.7776660396477955,0.8689674222012854
bytes_tokio,mixed_multiline_tcp,step2,step1,31,0.8400469000496383,0.7842843064032138,0.8562433214925201
bytes_tokio,multiline_data_tcp_chunks,baseline,step1,31,0.9782467997737471,0.9691539219546395,1.037939513573905
bytes_tokio,multiline_data_tcp_chunks,baseline,step2,31,0.9729486481842136,0.956438377806667,1.009418336841682
bytes_tokio,multiline_data_tcp_chunks,cold_copy,baseline,31,1.0450247003343844,1.007767676051909,1.1035473814095778
bytes_tokio,multiline_data_tcp_chunks,cold_copy,step1,31,1.0208732699029963,1.0013185382014909,1.1206205979717403
bytes_tokio,multiline_data_tcp_chunks,cold_copy,step2,31,1.0107595350052248,0.9996557040100631,1.046893597044162
bytes_tokio,multiline_data_tcp_chunks,data_only,baseline,31,1.0571891935157505,1.0157554855612057,1.0805914766451892
bytes_tokio,multiline_data_tcp_chunks,data_only,step1,31,1.031255609569579,1.0103473869372108,1.0605647845504398
bytes_tokio,multiline_data_tcp_chunks,data_only,step2,31,1.028753445264465,1.0063343372796816,1.0541780952122315
bytes_tokio,multiline_data_tcp_chunks,step1,baseline,31,1.0222369244972578,0.9634472788850007,1.0318278421482818
bytes_tokio,multiline_data_tcp_chunks,step1,step2,31,0.9898988041407223,0.954242304630621,1.0118585327611576
bytes_tokio,multiline_data_tcp_chunks,step2,baseline,31,1.0278034733552193,0.9906695405681349,1.045545665255748
bytes_tokio,multiline_data_tcp_chunks,step2,step1,31,1.010204271201283,0.988280443977877,1.0479518620661987
bytes_tokio,small_data_4b_chunks,baseline,step1,31,0.9978165005282956,0.9912653516209547,1.0026523541849157
bytes_tokio,small_data_4b_chunks,baseline,step2,31,0.9995517406578697,0.9932450006068763,1.0051268239025588
bytes_tokio,small_data_4b_chunks,cold_copy,baseline,31,1.0129321293246454,1.0058884549823708,1.0377844521299322
bytes_tokio,small_data_4b_chunks,cold_copy,step1,31,1.0104358359699532,0.999637899208171,1.0259118136052643
bytes_tokio,small_data_4b_chunks,cold_copy,step2,31,1.014017200651254,0.9869823013972123,1.0252033833591536
bytes_tokio,small_data_4b_chunks,data_only,baseline,31,1.0132513005148402,1.007369592183075,1.0237688761350585
bytes_tokio,small_data_4b_chunks,data_only,step1,31,1.0117244800089291,1.0037745280485177,1.0211653231032667
bytes_tokio,small_data_4b_chunks,data_only,step2,31,1.0145878793353964,1.0026631852308008,1.0211418094550953
bytes_tokio,small_data_4b_chunks,step1,baseline,31,1.0021882775746325,0.9973546621879008,1.0088116147354107
bytes_tokio,small_data_4b_chunks,step1,step2,31,1.0020792560632836,0.9900596282461784,1.0080699375514302
bytes_tokio,small_data_4b_chunks,step2,baseline,31,1.00044846036868,0.9948993263530138,1.0068009397369193
bytes_tokio,small_data_4b_chunks,step2,step1,31,0.9979250582718856,0.9919946650020814,1.010040174824046
bytes_tokio,small_data_tcp_chunks,baseline,step1,31,1.0138360804181223,1.0020710298949471,1.0222204506084593
bytes_tokio,small_data_tcp_chunks,baseline,step2,31,0.979756811318966,0.9732225196949396,0.9847430744645989
bytes_tokio,small_data_tcp_chunks,cold_copy,baseline,31,1.017308562052419,1.012688264629984,1.0258615968724596
bytes_tokio,small_data_tcp_chunks,cold_copy,step1,31,1.0325185484428783,1.023465309852809,1.0380485978875604
bytes_tokio,small_data_tcp_chunks,cold_copy,step2,31,0.9959639506349357,0.9929657249539499,1.0012944278859144
bytes_tokio,small_data_tcp_chunks,data_only,baseline,31,1.027625392629249,1.0188928727618345,1.0352088558923571
bytes_tokio,small_data_tcp_chunks,data_only,step1,31,1.0406405374261039,1.0336889257596042,1.0502435951869342
bytes_tokio,small_data_tcp_chunks,data_only,step2,31,1.0060637335114506,0.9985542055929004,1.0134478631641775
bytes_tokio,small_data_tcp_chunks,step1,baseline,31,0.9863527441118332,0.97826256499248,0.9979332504052489
bytes_tokio,small_data_tcp_chunks,step1,step2,31,0.9658639774602682,0.9594798716551635,0.9774546329128126
bytes_tokio,small_data_tcp_chunks,step2,baseline,31,1.0206614421529585,1.0154933057474878,1.0275142423887336
bytes_tokio,small_data_tcp_chunks,step2,step1,31,1.0353424740298236,1.0230653846511548,1.0422313479853795
bytes_tokio,small_data_whole_stream_chunk,baseline,step1,31,1.0140478400182436,0.9909823856020933,1.048538608280182
bytes_tokio,small_data_whole_stream_chunk,baseline,step2,31,0.9805186510627559,0.9433680334504612,1.0207677716829808
bytes_tokio,small_data_whole_stream_chunk,cold_copy,baseline,31,1.0178695130010118,0.966442194271549,1.0416867612593175
bytes_tokio,small_data_whole_stream_chunk,cold_copy,step1,31,1.0321683810790974,1.0019415077163518,1.058515009015692
bytes_tokio,small_data_whole_stream_chunk,cold_copy,step2,31,0.9965047653107731,0.9641400256308124,1.016974883094491
bytes_tokio,small_data_whole_stream_chunk,data_only,baseline,31,1.0232420098364194,0.962615590169122,1.0573965795494054
bytes_tokio,small_data_whole_stream_chunk,data_only,step1,31,1.0392134730424925,1.020384492388719,1.0639368426905667
bytes_tokio,small_data_whole_stream_chunk,data_only,step2,31,0.9980555289253098,0.947460470985478,1.0468352984049236
bytes_tokio,small_data_whole_stream_chunk,step1,baseline,31,0.9861467679690628,0.9537083251900517,1.0090996717287037
bytes_tokio,small_data_whole_stream_chunk,step1,step2,31,0.966180749181719,0.921912532692324,0.9852247291704007
bytes_tokio,small_data_whole_stream_chunk,step2,baseline,31,1.0198684124122768,0.9796547537460552,1.0600316785617612
bytes_tokio,small_data_whole_stream_chunk,step2,step1,31,1.0350030269666657,1.0149968534001788,1.084701600790296
bytes_tokio,varied_sizes_tcp,baseline,step1,31,1.1385489954321777,1.1286814113728207,1.1508951176423667
bytes_tokio,varied_sizes_tcp,baseline,step2,31,1.0596273541322272,1.049485456576696,1.0667241657772413
bytes_tokio,varied_sizes_tcp,cold_copy,baseline,31,0.9450532943513569,0.9385332028374025,0.9562786579692742
bytes_tokio,varied_sizes_tcp,cold_copy,step1,31,1.077431840152838,1.0708406325134274,1.0854799436114315
bytes_tokio,varied_sizes_tcp,cold_copy,step2,31,1.0003233496102808,0.9935319547937762,1.011397336969977
bytes_tokio,varied_sizes_tcp,data_only,baseline,31,0.9408138517380816,0.9353909238165778,0.9479337463579742
bytes_tokio,varied_sizes_tcp,data_only,step1,31,1.0721590818311029,1.0667126798485338,1.0784619855768904
bytes_tokio,varied_sizes_tcp,data_only,step2,31,0.9941243565998961,0.9882744831445804,1.0053209916873553
bytes_tokio,varied_sizes_tcp,step1,baseline,31,0.8783109062604842,0.8688889062702093,0.885989606919897
bytes_tokio,varied_sizes_tcp,step1,step2,31,0.9301428971164972,0.9225004099735274,0.9351242866971925
bytes_tokio,varied_sizes_tcp,step2,baseline,31,0.943727996545485,0.9374494663963814,0.9528478872512325
bytes_tokio,varied_sizes_tcp,step2,step1,31,1.0751036245076582,1.0693765676132154,1.084010358357127
