kind,case,round,variant,mean_ns,median_ns,mean_ci95_low_ns,mean_ci95_high_ns
decode,small_data_whole_stream_chunk,1,current,3921978.982142856,3843462.0,3857353.7043749993,4002675.184375001
decode,small_data_whole_stream_chunk,1,published,5042535.54375,5009279.125,5007362.42359375,5085311.149687501
decode,small_data_whole_stream_chunk,1,core,3384656.4214285715,3248311.4285714286,3292327.6170535716,3496080.7422321434
decode,small_data_whole_stream_chunk,2,current,4333305.796428573,4118712.5,4133625.439375001,4574973.677053573
decode,small_data_whole_stream_chunk,2,published,4749361.10625,4655196.5,4665845.49859375,4856870.85078125
decode,small_data_whole_stream_chunk,2,core,3791080.304166667,3504912.833333333,3578958.095520833,4046038.711979167
decode,small_data_whole_stream_chunk,3,current,4072466.185714286,3910310.3571428573,3945837.7637500004,4231994.117946425
decode,small_data_whole_stream_chunk,3,published,5235736.8125,5158089.625,5171648.4634375,5304399.744843749
decode,small_data_whole_stream_chunk,3,core,3474021.903125,3394522.0625,3407865.64171875,3553981.7960156254
decode,small_data_tcp_chunks,1,current,3988142.707142857,3872270.2857142854,3903756.8072321424,4093542.656607142
decode,small_data_tcp_chunks,1,published,5195700.574999999,4973314.7,5033887.613249998,5403323.828125
decode,small_data_tcp_chunks,1,core,3461581.6642857143,3274209.5714285714,3322112.794464285,3634195.6234821426
decode,small_data_tcp_chunks,2,current,4346445.060714287,4076633.1428571427,4158327.676071429,4580128.323035714
decode,small_data_tcp_chunks,2,published,5812142.11,5209635.800000001,5455004.398375,6210078.148000001
decode,small_data_tcp_chunks,2,core,3788076.2107142867,3540589.1428571427,3594673.297767858,4020415.1953571416
decode,small_data_tcp_chunks,3,current,4013113.8928571427,3892495.3571428573,3917252.9135714285,4132724.397678573
decode,small_data_tcp_chunks,3,published,5192111.720833335,4980388.416666667,5072833.103229166,5332097.241875001
decode,small_data_tcp_chunks,3,core,3506788.45,3390931.8571428573,3426794.327767857,3600840.6750892852
decode,small_data_event_chunks,1,current,4558815.437500002,4404869.166666666,4434749.522708333,4717912.058229167
decode,small_data_event_chunks,1,published,6142963.084999999,5756878.199999999,5936591.36125,6375391.123000001
decode,small_data_event_chunks,1,core,4675899.420833332,4419837.0,4505621.836250001,4892416.004062501
decode,small_data_event_chunks,2,current,4908079.97,4629799.5,4688111.120625001,5181776.768499999
decode,small_data_event_chunks,2,published,6459725.45625,6065714.25,6159247.82171875,6819976.625312501
decode,small_data_event_chunks,2,core,4985953.920833334,4718018.25,4762367.244583333,5267391.971979166
decode,small_data_event_chunks,3,current,4629234.2375,4408149.333333334,4512426.865833334,4755595.697500002
decode,small_data_event_chunks,3,published,5834544.01875,5744978.875,5762027.17359375,5924144.1440624995
decode,small_data_event_chunks,3,core,4582681.545833335,4495104.583333334,4510608.326458334,4671613.674479167
decode,small_data_4b_chunks,1,current,11088191.05833333,10188638.666666668,10568052.376041668,11693586.203125002
decode,small_data_4b_chunks,1,published,15999935.6,15529799.25,15665158.6146875,16431541.50625
decode,small_data_4b_chunks,1,core,10721035.608333332,9975516.166666668,10214583.890000002,11286752.458124999
decode,small_data_4b_chunks,2,current,11062468.591666667,10561775.833333332,10647404.983125001,11589737.548124999
decode,small_data_4b_chunks,2,published,17096340.8375,16408679.0,16503396.53125,17827626.281875
decode,small_data_4b_chunks,2,core,9955116.574999997,9369466.5,9515406.230833337,10485672.895833338
decode,small_data_4b_chunks,3,current,10761987.216666667,10139966.5,10344364.397499997,11259387.508333335
decode,small_data_4b_chunks,3,published,15694852.2875,15324410.75,15387299.262500001,16118762.8759375
decode,small_data_4b_chunks,3,core,9210133.675,8901823.0,8976309.576041665,9510381.083541665
decode,metadata_events_tcp_chunks,1,current,5562471.305000001,5144824.5,5311930.022375,5841594.275999999
decode,metadata_events_tcp_chunks,1,published,9868620.283333331,8268455.166666666,8723657.121874997,11525618.86229167
decode,metadata_events_tcp_chunks,1,core,5348285.3,5195450.5,5243699.3366249995,5476056.017
decode,metadata_events_tcp_chunks,2,current,4787707.1375,4338483.333333334,4516099.549479165,5101082.580624999
decode,metadata_events_tcp_chunks,2,published,7422238.825,6906594.833333334,7028793.933125,7892541.256666666
decode,metadata_events_tcp_chunks,2,core,5161716.341666667,4922195.583333334,4942004.656979167,5435337.618541668
decode,metadata_events_tcp_chunks,3,current,4502602.517857144,4274751.285714285,4317746.372142857,4742506.939464284
decode,metadata_events_tcp_chunks,3,published,8079967.11875,7249005.0,7585904.5028125,8607819.05328125
decode,metadata_events_tcp_chunks,3,core,5118183.220833335,4662952.666666666,4855937.516666667,5428221.475937499
decode,multiline_data_tcp_chunks,1,current,2972800.4083333337,2782724.388888889,2860316.5137500004,3101509.545972222
decode,multiline_data_tcp_chunks,1,published,5058924.800000003,4876646.916666667,4908405.528020835,5244528.162708335
decode,multiline_data_tcp_chunks,1,core,3084604.840625,2968238.125,3003744.1657031253,3185077.114453125
decode,multiline_data_tcp_chunks,2,current,3100198.2611111114,2929575.5,2952012.1553472215,3282405.2189583336
decode,multiline_data_tcp_chunks,2,published,4673922.441666666,4407801.666666666,4470740.5538541665,4920754.107604166
decode,multiline_data_tcp_chunks,2,core,3452624.15625,3145503.3125,3232718.2150781252,3704905.28515625
decode,multiline_data_tcp_chunks,3,current,2859096.271875,2734582.625,2750229.3646875,3002131.655234375
decode,multiline_data_tcp_chunks,3,published,4422020.466666668,4208427.666666666,4259743.114166668,4636477.351562501
decode,multiline_data_tcp_chunks,3,core,3141810.4722222215,2937070.722222222,3009822.566249999,3300248.9040277773
decode,keepalive_whole_stream_chunk,1,current,999929.8647632541,960834.4016812865,968668.7649688498,1038391.7163789568
decode,keepalive_whole_stream_chunk,1,published,2203793.712879689,2144895.4285714286,2148781.1036323193,2269754.3307894394
decode,keepalive_whole_stream_chunk,1,core,1164314.688889657,1122237.0407407407,1133755.3590382019,1202506.2776407509
decode,keepalive_whole_stream_chunk,2,current,1030346.8467694711,964946.4702797203,983692.6307979836,1092897.986821092
decode,keepalive_whole_stream_chunk,2,published,2353780.4004860977,2173643.2666666666,2230504.956015692,2499192.1729352884
decode,keepalive_whole_stream_chunk,2,core,1191132.5487774636,1117235.8701923077,1142828.0312797842,1250011.2127947535
decode,keepalive_whole_stream_chunk,3,current,1032235.8853544814,951567.4350961539,979868.0266090416,1099137.8345748424
decode,keepalive_whole_stream_chunk,3,published,2235839.0291474387,2103106.665,2139110.516406791,2355017.8039204264
decode,keepalive_whole_stream_chunk,3,core,1155647.9881910451,1091573.441666667,1107109.9802218182,1216516.3264754005
decode,keepalive_tcp_chunks,1,current,1050914.5207257038,991872.9438895418,1011560.6936594835,1099280.6417790495
decode,keepalive_tcp_chunks,1,published,2126232.5140917283,2017969.4855072466,2045757.2183056069,2226233.0593028925
decode,keepalive_tcp_chunks,1,core,1221209.4743088349,1152763.5343980344,1173527.6320787922,1279770.4302374793
decode,keepalive_tcp_chunks,2,current,1138527.0803135415,1012723.6214285714,1058076.3619195877,1234925.8328131705
decode,keepalive_tcp_chunks,2,published,2135766.4347112468,2022201.1255387932,2040915.9234397789,2252003.165443879
decode,keepalive_tcp_chunks,2,core,1227907.2978837837,1161844.86875,1173019.5982870406,1295910.7875859675
decode,keepalive_tcp_chunks,3,current,1024619.645097174,980407.2476190476,982650.2952144137,1081456.5071953116
decode,keepalive_tcp_chunks,3,published,2086350.1102603183,1969305.3396825397,2000610.3928514204,2194731.9888214422
decode,keepalive_tcp_chunks,3,core,1276020.548349975,1146066.3536324785,1200131.96821772,1362350.9492768422
decode,keepalive_line_chunks,1,current,3595340.564285713,3381825.071428572,3451837.5386607153,3774263.583392857
decode,keepalive_line_chunks,1,published,7456607.2625,7158675.875,7236708.89265625,7717854.08796875
decode,keepalive_line_chunks,1,core,3445736.6,3212116.4375,3295689.070234375,3625585.4921875
decode,keepalive_line_chunks,2,current,3536927.909375,3340380.75,3379990.1614062497,3731931.9295312497
decode,keepalive_line_chunks,2,published,7565056.64375,6955860.75,7199790.0725,7972780.9490625
decode,keepalive_line_chunks,2,core,3330724.1125,3099953.9375,3169003.8721875,3528866.468828125
decode,keepalive_line_chunks,3,current,3639626.403125,3288922.4375,3404867.9159375,3906962.37015625
decode,keepalive_line_chunks,3,published,7121582.9,6788029.5,6858114.731562501,7438886.744843749
decode,keepalive_line_chunks,3,core,3220195.805555556,3030434.0555555555,3066667.9370138897,3413982.8595138886
decode,keepalive_4b_chunks,1,current,10948063.341666667,10571738.5,10659362.364166664,11302482.077708332
decode,keepalive_4b_chunks,1,published,22193129.9625,21462082.5,21644716.258125,22873560.361562498
decode,keepalive_4b_chunks,1,core,12284230.875000002,9912266.666666668,11138017.845625,13521252.499166662
decode,keepalive_4b_chunks,2,current,11464034.866666667,10594654.833333332,10924751.876666665,12066069.855416667
decode,keepalive_4b_chunks,2,published,22001702.125,21316124.75,21406220.4375,22730750.313125
decode,keepalive_4b_chunks,2,core,9925593.041666666,9403316.333333334,9535906.645624997,10398074.2
decode,keepalive_4b_chunks,3,current,10281939.8,10241983.25,10183536.853125,10402093.274375
decode,keepalive_4b_chunks,3,published,21995540.7125,20957622.75,21276986.125625,22874254.869687498
decode,keepalive_4b_chunks,3,core,9686219.699999997,9083914.166666666,9282602.942708334,10199394.386666667
decode,large_data_event_chunks,1,current,101248.63168389339,104173.57807239058,96779.91816193641,105449.7015061936
decode,large_data_event_chunks,1,published,879870.0820401225,848596.5151821862,863087.7292769785,898247.6963183437
decode,large_data_event_chunks,1,core,99957.17141782011,96977.56543224577,97941.74573031759,102305.58991064127
decode,large_data_event_chunks,2,current,81139.60327676922,78031.23749999999,78608.24698463015,84454.2456112675
decode,large_data_event_chunks,2,published,856353.0727061194,831022.075,833448.9540818039,886546.3470014328
decode,large_data_event_chunks,2,core,110810.4134868145,97014.13117816093,104058.43652707696,118246.22515261268
decode,large_data_event_chunks,3,current,82533.56075027658,74317.01176470588,78189.09769750961,87529.3967780949
decode,large_data_event_chunks,3,published,878379.0828935917,832726.43125,850396.1639354279,912870.8561031655
decode,large_data_event_chunks,3,core,95550.97875044002,91483.97576530612,92079.95633526953,100025.32408965261
decode,large_data_tcp_chunks,1,current,131398.07512997807,127289.06944444444,128106.99445374063,135786.55688025488
decode,large_data_tcp_chunks,1,published,1017979.0935362777,997319.5680555556,1000094.1004511502,1040059.2226110566
decode,large_data_tcp_chunks,1,core,135001.8553291737,130982.76271929825,131359.83223481957,139711.55171308192
decode,large_data_tcp_chunks,2,current,125720.65521069798,124458.88330200501,123782.75187106334,128793.42225185563
decode,large_data_tcp_chunks,2,published,1045180.6904971566,1000570.7961309524,1011774.5471597248,1087159.1897087174
decode,large_data_tcp_chunks,2,core,141313.3971940151,133429.03014705883,134973.29892905997,149193.4590821825
decode,large_data_tcp_chunks,3,current,139064.1498059378,126789.91587301588,128848.37625864123,152269.06383945578
decode,large_data_tcp_chunks,3,published,1061941.8510946443,1005684.8047360249,1026662.2073723718,1104294.8219845819
decode,large_data_tcp_chunks,3,core,138178.31088602313,134425.5025847808,135101.79979094496,141788.0251829386
decode,medium_data_10b_chunks,1,current,1876410.0301863768,1776389.7,1806498.441519188,1958299.8031555146
decode,medium_data_10b_chunks,1,published,3467373.996875,3323556.5,3373888.5433593746,3576796.5896875
decode,medium_data_10b_chunks,1,core,1898537.9845462132,1760863.206004141,1816022.0225836386,1991696.5984214335
decode,medium_data_10b_chunks,2,current,1793626.6748740408,1742134.6553308824,1745752.207171016,1861569.6396426081
decode,medium_data_10b_chunks,2,published,3540465.5321428566,3416918.0,3419563.4067857144,3688715.659464286
decode,medium_data_10b_chunks,2,core,1788113.889585187,1723717.0146198831,1725575.283660889,1874460.6118085636
decode,medium_data_10b_chunks,3,current,1759335.112384721,1746039.98125,1739578.3133111785,1787570.1048091429
decode,medium_data_10b_chunks,3,published,3347536.4875,3312198.875,3317901.299765625,3383774.024765625
decode,medium_data_10b_chunks,3,core,1824943.774594598,1762773.55,1770128.7329009455,1893515.1943939212
decode,json_line_tcp,1,current,1098786.2139840557,1048134.0208333334,1062911.0845531272,1142993.0119664243
decode,json_line_tcp,1,published,1717409.0458206553,1564250.895982143,1631471.9159095956,1810014.1467802476
decode,json_line_tcp,1,core,826986.5949237732,802688.819892473,803625.3133516158,858637.4097933437
decode,json_line_tcp,2,current,1099171.4769729746,1045836.8615591398,1055495.6751534047,1152801.4670522572
decode,json_line_tcp,2,published,1549042.4066618967,1500565.7536764706,1504099.072602297,1609056.9095978907
decode,json_line_tcp,2,core,886483.8673330344,792204.6625310173,830204.8438103967,950191.6272124033
decode,json_line_tcp,3,current,1103356.7099357322,1030595.125,1063871.9845651577,1149406.3551170898
decode,json_line_tcp,3,published,1578333.9287545898,1503618.5694444445,1535964.5463500684,1627829.4578691612
decode,json_line_tcp,3,core,795143.0486610407,785406.1116071428,785139.9630360149,808362.9904824349
decode,json_metadata_after_tcp,1,current,1622414.742627252,1575105.77,1578209.4202220754,1682339.4861868273
decode,json_metadata_after_tcp,1,published,2226832.63285385,2094926.6489533011,2135026.494671822,2336627.492326072
decode,json_metadata_after_tcp,1,core,1789283.620390239,1629652.7018716577,1698657.4153849138,1895188.515571629
decode,json_metadata_after_tcp,2,current,1657562.563674931,1593697.9333333333,1594933.2649949603,1737940.469512223
decode,json_metadata_after_tcp,2,published,2182392.833223753,2057287.016826923,2092577.5486117916,2291939.572250314
decode,json_metadata_after_tcp,2,core,1760655.9145384268,1627201.2859477124,1673058.6781280423,1867890.4375375928
decode,json_metadata_after_tcp,3,current,1555487.4681893263,1491351.2886904762,1505349.1429543316,1622744.3243317378
decode,json_metadata_after_tcp,3,published,2096022.7700358226,2004876.45,2041506.923171276,2160051.628140484
decode,json_metadata_after_tcp,3,core,1645002.95904782,1573376.0664335664,1593582.8408509027,1710131.7410236006
decode,json_crlf_tcp,1,current,2363465.8392626615,2197329.177419355,2260514.0870145066,2483361.6424350706
decode,json_crlf_tcp,1,published,3158395.455555556,2923955.833333333,3029243.2935416666,3306741.1525694444
decode,json_crlf_tcp,1,core,2523787.2299999995,2367077.9,2415972.4981875,2656292.09425
decode,json_crlf_tcp,2,current,2297415.401311237,2167711.944137931,2196916.779932861,2420725.4151547644
decode,json_crlf_tcp,2,published,2871940.492857142,2763362.5,2782558.4238392855,3004105.205446428
decode,json_crlf_tcp,2,core,2433959.7700000005,2266314.0,2310957.9453125005,2584860.7146875
decode,json_crlf_tcp,3,current,2342741.986365908,2126552.486166008,2215862.9712282806,2482384.2048194953
decode,json_crlf_tcp,3,published,2884228.809375,2747279.125,2792451.149453125,3001628.921484375
decode,json_crlf_tcp,3,core,2319199.9970874214,2199721.4863636363,2232206.2302227044,2423878.17826762
decode,large_utf8_tcp,1,current,231396.67589883617,221706.125,223655.2745152671,241069.32115282642
decode,large_utf8_tcp,1,published,1963772.7645412746,1785097.1134259258,1867033.5630314155,2077759.367038574
decode,large_utf8_tcp,1,core,1002911.7800369936,920392.4199999999,947707.0392650816,1069777.5094967904
decode,large_utf8_tcp,2,current,250786.87305346347,234046.72916666666,238250.6525878521,265072.2051798751
decode,large_utf8_tcp,2,published,2010419.68885834,1897586.8333333335,1917236.8407111198,2118505.981986772
decode,large_utf8_tcp,2,core,1078685.311972893,974062.4506237006,1004858.0654174318,1169541.5874321386
decode,large_utf8_tcp,3,current,223827.7332935302,216339.6252173913,217163.47644444916,232298.3355406973
decode,large_utf8_tcp,3,published,1857677.9474698864,1787197.7234432234,1806763.3414198533,1925667.6690187096
decode,large_utf8_tcp,3,core,974481.1617020972,929276.6458333333,933430.7927881976,1030954.1432686257
decode,large_utf8_event,1,current,188006.89597449126,176929.49702380953,180840.17249927143,196502.95539547
decode,large_utf8_event,1,published,1676547.9546847667,1624537.8392857143,1628443.8451111377,1743900.9573612695
decode,large_utf8_event,1,core,988442.3103691244,899932.566066066,929612.7837933134,1060997.173951253
decode,large_utf8_event,2,current,194421.76096602657,188351.99326765188,188690.89377098728,200956.29487179324
decode,large_utf8_event,2,published,1681696.4747508236,1624917.4455128205,1637872.4489630267,1745404.9477444424
decode,large_utf8_event,2,core,1048064.1299738539,893330.6333333333,960717.4546653271,1148594.9082378738
decode,large_utf8_event,3,current,178213.08272929428,175525.24908088235,176268.7836197209,180589.3935802588
decode,large_utf8_event,3,published,1672822.615181496,1646471.5789473685,1647015.5896284552,1708037.7321181127
decode,large_utf8_event,3,core,999073.2701710875,893454.4903846154,932305.1329160457,1079059.6454193052
decode,large_json_utf8_tcp,1,current,244554.671700373,232073.53754578752,234583.54755552197,256781.0274446561
decode,large_json_utf8_tcp,1,published,1994583.9581746073,1923223.9141414142,1927453.0332584633,2081456.8752334919
decode,large_json_utf8_tcp,1,core,1086130.8986335201,1034231.1974025974,1042629.7448131264,1141312.112240812
decode,large_json_utf8_tcp,2,current,218972.36139493837,216553.9328703704,216665.98057535922,222100.55861619225
decode,large_json_utf8_tcp,2,published,1935865.2687711585,1884898.0008169934,1902595.4410726323,1975320.724394761
decode,large_json_utf8_tcp,2,core,1029674.950949835,1016123.6189458689,1017291.1125399728,1047834.4294770381
decode,large_json_utf8_tcp,3,current,273677.4486807231,249916.98536231887,254418.7698312493,293531.44616584346
decode,large_json_utf8_tcp,3,published,2125092.5805555554,2058390.0555555555,2042088.3712500005,2217354.6025000005
decode,large_json_utf8_tcp,3,core,1083571.4954417334,1031602.796875,1052152.8204716195,1119734.0293165029
decode,large_json_escaped_tcp,1,current,136725.9053827119,131544.89226190478,132077.2315515333,142657.72169267267
decode,large_json_escaped_tcp,1,published,1084638.95749905,1018354.3214285714,1042240.7312936453,1135092.138622893
decode,large_json_escaped_tcp,1,core,148882.29556952076,135923.94417144416,140635.02202479512,158759.08363043246
decode,large_json_escaped_tcp,2,current,126067.97380806688,121429.66590909091,122360.65548654231,130805.07536732
decode,large_json_escaped_tcp,2,published,1009127.8079025459,997115.3857142858,1000119.4915576766,1019201.0640558576
decode,large_json_escaped_tcp,2,core,128630.08662243262,124277.95512820513,125041.08322202855,133277.110181954
decode,large_json_escaped_tcp,3,current,132231.86673963387,128529.94453441296,128699.43948519285,136810.43436858273
decode,large_json_escaped_tcp,3,published,1055892.3987854973,1004551.4093406594,1024607.68045672,1091674.4497916296
decode,large_json_escaped_tcp,3,core,143591.5858437211,134210.77427083335,137600.71237958557,150402.6169601528
decode,large_json_base64_tcp,1,current,135898.85848633602,131710.03958333333,131067.05159862776,142103.33895804864
decode,large_json_base64_tcp,1,published,1037453.6434231516,994095.3972039474,1004484.27835619,1076588.9313784917
decode,large_json_base64_tcp,1,core,139670.2417934307,133577.99990909093,134639.9613956538,146098.8578720312
decode,large_json_base64_tcp,2,current,127119.69450566352,122889.5345410628,123578.22224351451,131913.16847126963
decode,large_json_base64_tcp,2,published,989841.5491953033,982890.85,982958.7778431148,998329.6531431414
decode,large_json_base64_tcp,2,core,132132.8346485453,124662.66081871346,128160.44266359195,136896.64121776007
decode,large_json_base64_tcp,3,current,127264.73598402001,124998.67628205128,124632.54081526044,130909.86981497704
decode,large_json_base64_tcp,3,published,1001559.6975833498,987079.6631944445,989753.2909504081,1015567.5134662385
decode,large_json_base64_tcp,3,core,134959.65066908827,129961.21669871795,131098.8510541515,139635.69158113582
decode,mixed_json_tcp,1,current,655379.0941450266,561852.9935587761,612733.6988207946,701296.7247515323
decode,mixed_json_tcp,1,published,989158.1971194498,926142.9551282051,948508.4875493508,1037021.7632177233
decode,mixed_json_tcp,1,core,740499.1894459148,698422.4892473118,708052.0153278686,779800.8422222361
decode,mixed_json_tcp,2,current,565511.605406387,541122.6111111111,548708.4871932766,586290.2574982034
decode,mixed_json_tcp,2,published,959677.017178924,927414.8958333334,937329.7211916031,987291.5190717148
decode,mixed_json_tcp,2,core,716189.1534086266,696364.6,699267.304964242,738306.8496961328
decode,mixed_json_tcp,3,current,588779.3383859468,556807.0628342247,567628.901755583,614202.7092982876
decode,mixed_json_tcp,3,published,988535.3997377672,953949.968805704,958312.9464413046,1022615.9687559492
decode,mixed_json_tcp,3,core,787813.0164960581,749782.01625,754111.523064257,826166.1689729956
decode,mixed_json_whole,1,current,524011.6536962036,505577.641025641,506312.61988813756,547910.5856997487
decode,mixed_json_whole,1,published,1139155.9857409305,1078395.966878403,1094182.4397842905,1194694.591423204
decode,mixed_json_whole,1,core,702818.899689384,668025.6958525346,670717.6465534604,744561.9349151603
decode,mixed_json_whole,2,current,513129.8998418511,499985.1324074074,499256.4542800189,531440.3403047425
decode,mixed_json_whole,2,published,1121667.0201172107,1060622.7321428573,1083390.1717682902,1167487.6623243205
decode,mixed_json_whole,2,core,745249.9665202396,664605.7004166667,708309.5394010742,786156.0703192155
decode,mixed_json_whole,3,current,539049.5825899442,514239.33725182863,523384.5321467636,556890.2591692916
decode,mixed_json_whole,3,published,1444178.5518882535,1430303.756756757,1377751.4006959961,1516457.9202108094
decode,mixed_json_whole,3,core,944625.4310551336,747578.3402406417,841461.1576819395,1069987.1968713128
decode,mixed_multiline_tcp,1,current,494850.929686616,479053.05454545456,480677.6592936382,514760.36758410063
decode,mixed_multiline_tcp,1,published,1035506.3878763696,974274.5282608696,988474.9527842327,1091706.1986965414
decode,mixed_multiline_tcp,1,core,778781.3677316655,721572.4535714285,735557.7834572395,831762.4673309023
decode,mixed_multiline_tcp,2,current,506412.8688522178,494733.22222222225,495086.8261130818,521056.00542329124
decode,mixed_multiline_tcp,2,published,918335.045947385,853800.8509615385,875869.3184718079,965109.11328373
decode,mixed_multiline_tcp,2,core,721724.0655240635,682685.079248366,689325.4178776179,763275.0436723119
decode,mixed_multiline_tcp,3,current,477275.9043575217,464826.07644927537,468448.57299363415,487588.95053264836
decode,mixed_multiline_tcp,3,published,1067185.5099728452,942306.0803571428,1002376.4767182732,1136391.1003847397
decode,mixed_multiline_tcp,3,core,920657.0475517532,851274.7567567567,868342.6826709195,977365.1083239098
decode,mixed_multiline_whole,1,current,496609.0118334256,476661.24242424243,478897.52773024666,519984.6292308138
decode,mixed_multiline_whole,1,published,1052138.3176306817,972282.2756410256,998645.100324184,1118418.6309475012
decode,mixed_multiline_whole,1,core,850135.729080702,736407.6466666667,789063.751928299,917499.0481991612
decode,mixed_multiline_whole,2,current,479195.5273789015,464243.313202879,465597.68906286,496211.85750953096
decode,mixed_multiline_whole,2,published,965766.1844220618,922029.8461538462,926215.5160751839,1012590.341760286
decode,mixed_multiline_whole,2,core,731156.0827272541,691993.1083333334,699023.3255993874,770536.1922488924
decode,mixed_multiline_whole,3,current,474410.1827242814,460403.1127450981,463198.8061166149,488187.48292093084
decode,mixed_multiline_whole,3,published,956656.8338880884,910213.2069327731,921492.8535699836,995253.3287162692
decode,mixed_multiline_whole,3,core,822672.3738207899,765513.4202279202,794239.7089094194,853615.3001542776
decode,alternating_sizes_tcp,1,current,141565.04103046443,135731.75833333333,136333.9060925635,148341.69183000966
decode,alternating_sizes_tcp,1,published,1114299.341654385,1010133.3195378152,1062786.7470949637,1169642.0832948722
decode,alternating_sizes_tcp,1,core,150925.83854465114,141226.96666666667,143752.4590985916,160043.19333341197
decode,alternating_sizes_tcp,2,current,132108.33722812144,128200.53538426865,128150.71622736729,137210.2185728856
decode,alternating_sizes_tcp,2,published,1115785.2165474547,1072402.2362903226,1083539.6871618878,1153998.4303943499
decode,alternating_sizes_tcp,2,core,152820.1474517501,141772.3681515617,145678.57528100593,160909.62128709714
decode,alternating_sizes_tcp,3,current,139031.38990312145,135557.69553571427,135392.39089837682,143543.46988554767
decode,alternating_sizes_tcp,3,published,1091173.4070445427,1060154.65,1063765.5392682457,1122053.028341054
decode,alternating_sizes_tcp,3,core,144629.5089069098,139582.09507575756,140239.5789575485,149836.7640526516
decode,varied_sizes_tcp,1,current,36374.23455378968,32482.543067226892,34038.86212126052,39006.375838688306
decode,varied_sizes_tcp,1,published,241377.87527832357,233737.3043608124,235110.53290988912,249507.69403584165
decode,varied_sizes_tcp,1,core,32089.47695819753,30865.78816626224,31307.63707195319,32959.57985300264
decode,varied_sizes_tcp,2,current,39939.57748664251,34699.934912854034,35682.74646755214,46228.02569744233
decode,varied_sizes_tcp,2,published,274709.32510585163,247184.28715277778,260653.12543263982,289462.7462022745
decode,varied_sizes_tcp,2,core,43392.28924398138,40811.32907075874,41411.53061196438,45570.95376860941
decode,varied_sizes_tcp,3,current,34733.43808069304,33302.56354896529,33533.16581550324,36142.662058303795
decode,varied_sizes_tcp,3,published,239819.224529608,233851.02931034483,234858.13870099248,245970.29670610887
decode,varied_sizes_tcp,3,core,33122.12469531559,31789.981698564596,32058.68212951675,34446.67692563193
decode,comment_crlf_tcp,1,current,444298.8076711178,427620.94088319084,430498.89078187844,462237.0013774173
decode,comment_crlf_tcp,1,published,656050.0169516711,618717.1102941176,624921.0417067523,695578.8737750584
decode,comment_crlf_tcp,1,core,1234303.8735282193,1140580.1269230768,1181766.122040052,1292859.2325396151
decode,comment_crlf_tcp,2,current,492288.69556330534,458384.55658263306,475532.2193976986,509716.00778772496
decode,comment_crlf_tcp,2,published,1994635.954336084,1071649.0964285715,1260583.188766692,2976666.6545937615
decode,comment_crlf_tcp,2,core,1498240.8348359333,1483199.268181818,1430024.0982538343,1576332.083757192
decode,comment_crlf_tcp,3,current,469921.6924038517,450884.7325890484,457986.53721738775,483539.97860009695
decode,comment_crlf_tcp,3,published,672967.1446559022,645482.9773706896,656167.8189065318,694616.3555295517
decode,comment_crlf_tcp,3,core,1210753.2666136369,1164206.338235294,1180651.350148271,1245515.4065997344
encode,small_json,1,current,14.3914701078251,13.96235798745099,13.903625143595946,14.998504484441332
encode,small_json,1,published,93.30792654718573,85.3108353875258,86.86142315897476,100.67916276165828
encode,small_json,2,current,14.73557954464643,14.462400332769983,14.475365890487224,15.027863569534672
encode,small_json,2,published,85.16441374026836,84.90966028235543,82.90065626284749,87.74835402887676
encode,small_json,3,current,14.939804441512365,14.548396273472655,14.52801711026145,15.416875371948286
encode,small_json,3,published,100.17740435966085,90.27304920698933,94.90810094845573,105.89139393957961
encode,metadata_json,1,current,69.86382130506573,69.75340594496348,67.73193122515873,71.68220216266586
encode,metadata_json,1,published,115.43489339070302,109.13206658820832,111.50776364226789,119.86689020221665
encode,metadata_json,2,current,72.13199122430989,72.57467740473767,68.8683602286285,75.31182373786613
encode,metadata_json,2,published,114.09529168952513,105.59181416691247,108.91302042745919,120.04762909296905
encode,metadata_json,3,current,73.97671600143855,74.40411326490403,69.73074388773306,78.49734168994028
encode,metadata_json,3,published,119.65109696187346,114.79992597292724,115.43823814868207,124.88156228689563
encode,large_ascii,1,current,652.1169470688221,646.9896056117877,647.0191463931081,657.70571501541
encode,large_ascii,1,published,1199.9121351019155,1229.859917316324,1150.8519071452504,1241.9454013933705
encode,large_ascii,2,current,664.7475816342125,653.0023778481406,656.7368692130248,673.4151563053775
encode,large_ascii,2,published,1251.179962153477,1272.344874923033,1197.056245153013,1300.3185123908938
encode,large_ascii,3,current,746.5393374202125,700.5703374373005,718.5957409658893,778.295558475873
encode,large_ascii,3,published,1898.5797220457036,1849.7337494710114,1774.2018824713548,2035.0047229916574
encode,large_utf8,1,current,677.151362564572,675.752106873823,672.1538419942437,682.1575503158768
encode,large_utf8,1,published,1284.4345798704687,1330.143315589232,1230.938936036921,1327.0748621555424
encode,large_utf8,2,current,828.4294337271301,727.0553203240058,772.6873421260236,884.1127096900057
encode,large_utf8,2,published,1071.0888010665205,988.5000456300968,1004.013241395023,1144.2511904886965
encode,large_utf8,3,current,812.8419270606888,800.6942588359416,795.2670827047856,831.3799481627369
encode,large_utf8,3,published,1334.0097156480883,1363.1404627332047,1280.2590364022678,1378.9227574381227
encode,empty_with_retry,1,current,47.794863506218555,47.03074104597292,46.576590108160154,49.05811039050452
encode,empty_with_retry,1,published,96.92672983744339,94.21757605021729,94.48647220634207,99.76073358459254
encode,empty_with_retry,2,current,45.844243641981045,45.66192691477886,44.15994668842211,47.824111322733806
encode,empty_with_retry,2,published,112.63445878308593,91.15071106469048,103.75815885704533,121.91470031269267
encode,empty_with_retry,3,current,47.456355133462225,47.07775873052229,46.00724508563185,48.92373863296657
encode,empty_with_retry,3,published,96.08112075198632,91.81470941742081,92.82996425677001,100.07769090409856
