kind,case,bytes,chunks,events,validation,current_ns,current_ns_min,current_ns_max,current_mib_s,published_ns,published_ns_min,published_ns_max,published_mib_s,core_ns,core_ns_min,core_ns_max,core_mib_s,speedup_vs_published,speedup_vs_published_min,speedup_vs_published_max,time_change_vs_published_pct,consistency_vs_published,speedup_vs_core,speedup_vs_core_min,speedup_vs_core_max,time_change_vs_core_pct,consistency_vs_core
decode,small_data_whole_stream_chunk,1700000,1,100000,all_three_match_reference,4072466.185714286,3921978.982142856,4333305.796428573,398.09939824123256,5042535.54375,4749361.10625,5235736.8125,321.5141120621526,3474021.903125,3384656.4214285715,3791080.304166667,466.67706281076096,1.2856427957256773,1.0960133739382831,1.2857120261758528,-22.217897278726404,all_rounds_faster_over_3pct,0.8629970830642476,0.8530511352829508,0.8748702450889115,15.875246814194966,all_rounds_slower_over_3pct
decode,small_data_tcp_chunks,1700000,1165,100000,all_three_match_reference,4013113.8928571427,3988142.707142857,4346445.060714287,403.98712350931464,5195700.574999999,5192111.720833335,5812142.11,312.03613728079876,3506788.45,3461581.6642857143,3788076.2107142867,462.31655003044875,1.3027870255731766,1.2937862865229581,1.3372174337445424,-23.241483038254994,all_rounds_faster_over_3pct,0.8715343591831255,0.8679683548148718,0.8738322767867763,14.740169387846414,all_rounds_slower_over_3pct
decode,small_data_event_chunks,1700000,100000,100000,all_three_match_reference,4629234.2375,4558815.437500002,4908079.97,350.2191193431968,6142963.084999999,5834544.01875,6459725.45625,263.9192707912269,4675899.420833332,4582681.545833335,4985953.920833334,346.7239544689968,1.3161410359517838,1.2603691494991023,1.3474910685063233,-24.020300812455297,all_rounds_faster_over_3pct,1.0158664796232597,0.9899437597498187,1.0256829838668657,-1.5618666371533418,all_rounds_within_3pct
decode,small_data_4b_chunks,1700000,425000,100000,all_three_match_reference,11062468.591666667,10761987.216666667,11088191.05833333,146.5537573694814,15999935.6,15694852.2875,17096340.8375,101.32830396458752,9955116.574999997,9210133.675,10721035.608333332,162.85558543453072,1.4583600566997514,1.442970770960449,1.545436327871578,-31.429827949142673,all_rounds_faster_over_3pct,0.8999000984734243,0.855802324382678,0.9668877053012122,11.123446002104398,all_rounds_slower_over_3pct
decode,metadata_events_tcp_chunks,2088890,1431,50000,all_three_match_reference,4787707.1375,4502602.517857144,5562471.305000001,416.09076862585175,8079967.11875,7422238.825,9868620.283333331,246.55060020913052,5161716.341666667,5118183.220833335,5348285.3,385.9415378402246,1.7741431357070758,1.5502700169074408,1.794510416299278,-43.63476205083898,all_rounds_faster_over_3pct,1.0781186470737145,0.9614944521498074,1.136716643437839,-7.245830251220331,mixed_or_near_boundary
decode,multiline_data_tcp_chunks,1900000,1302,50000,all_three_match_reference,2972800.4083333337,2859096.271875,3100198.2611111114,609.5199651118661,4673922.441666666,4422020.466666668,5058924.800000003,387.6789193202238,3141810.4722222215,3084604.840625,3452624.15625,576.7315429088407,1.5466497264069738,1.5076204965006117,1.7017371182467749,-35.34411942624509,all_rounds_faster_over_3pct,1.0988823647277246,1.0376091284091111,1.113678502294424,-8.998448596654395,all_rounds_faster_over_3pct
decode,keepalive_whole_stream_chunk,2600000,1,0,all_three_match_reference,1030346.8467694711,999929.8647632541,1032235.8853544814,2406.522842701554,2235839.0291474387,2203793.712879689,2353780.4004860977,1109.003461488792,1164314.688889657,1155647.9881910451,1191132.5487774636,2129.6246163662713,2.2039482873145957,2.166015598633859,2.2844544124787625,-54.626884589091176,all_rounds_faster_over_3pct,1.1560500743144086,1.1195580434545565,1.164396354103618,-13.498556661306694,all_rounds_faster_over_3pct
decode,keepalive_tcp_chunks,2600000,1781,0,all_three_match_reference,1050914.5207257038,1024619.645097174,1138527.0803135415,2359.424266917548,2126232.5140917283,2086350.1102603183,2135766.4347112468,1166.1721877653872,1227907.2978837837,1221209.4743088349,1276020.548349975,2019.332588811545,2.0232211775163873,1.8759030607537885,2.0362191182294294,-50.573866509861574,all_rounds_faster_over_3pct,1.162044533808073,1.0785051309852267,1.2453602216742177,-13.94477828461923,all_rounds_faster_over_3pct
decode,keepalive_line_chunks,2600000,200000,0,all_three_match_reference,3595340.564285713,3536927.909375,3639626.403125,689.6573991590317,7456607.2625,7121582.9,7565056.64375,332.53102052540214,3330724.1125,3220195.805555556,3445736.6,744.4486961110473,2.0739641013622325,1.9566796454398112,2.1388778164513957,-51.78315770542149,all_rounds_faster_over_3pct,0.9416997456101848,0.8847599860223788,0.9583894872792296,6.190959980778055,all_rounds_slower_over_3pct
decode,keepalive_4b_chunks,2600000,650000,0,all_three_match_reference,10948063.341666667,10281939.8,11464034.866666667,226.4832733675779,22001702.125,21995540.7125,22193129.9625,112.6982452797956,9925593.041666666,9686219.699999997,12284230.875000002,249.81411309604664,2.0271283851671114,1.9191935806975884,2.1392403710144263,-50.66913337521232,all_rounds_faster_over_3pct,0.9420615067207451,0.8658027611662938,1.1220460177872815,6.150181582191494,mixed_or_near_boundary
decode,large_data_event_chunks,2561408,64,64,all_three_match_reference,82533.56075027658,81139.60327676922,101248.63168389339,29597.039086058263,878379.0828935917,856353.0727061194,879870.0820401225,2780.9735807807465,99957.17141782011,95550.97875044002,110810.4134868145,24437.95666472824,10.55407024588323,8.690192325632111,10.642689772604392,-90.52498252614848,all_rounds_faster_over_3pct,1.1577227237238739,0.9872446644997107,1.3656760572126216,-13.623531826044733,mixed_or_near_boundary
decode,large_data_tcp_chunks,2561408,1755,64,all_three_match_reference,131398.07512997807,125720.65521069798,139064.1498059378,18590.447546671818,1045180.6904971566,1017979.0935362777,1061941.8510946443,2337.1547576865087,138178.31088602313,135001.8553291737,141313.3971940151,17678.237689939706,7.74729076152219,7.636345187286373,8.313516094435839,-87.09226191733225,all_rounds_faster_over_3pct,1.0274264306812013,0.9936299979459059,1.1240268908651876,-2.6694301277627397,mixed_or_near_boundary
decode,medium_data_10b_chunks,1054208,105421,256,all_three_match_reference,1793626.6748740408,1759335.112384721,1876410.0301863768,560.5241647181698,3467373.996875,3347536.4875,3540465.5321428566,289.95173138406733,1824943.774594598,1788113.889585187,1898537.9845462132,550.9052430797974,1.9027281749424783,1.8478764987898721,1.9739144057898723,-47.44388540784439,all_rounds_faster_over_3pct,1.0117927073527946,0.996926458908044,1.0372917369454115,-1.1655260279201274,mixed_or_near_boundary
decode,json_line_tcp,2440000,1672,20000,all_three_match_reference,1099171.4769729746,1098786.2139840557,1103356.7099357322,2117.017572580682,1578333.9287545898,1549042.4066618967,1717409.0458206553,1474.3175000155893,826986.5949237732,795143.0486610407,886483.8673330344,2813.788453542873,1.430483826800241,1.4092818446561484,1.563005636550129,-30.093582236659266,all_rounds_faster_over_3pct,0.752636485968665,0.7206581892336122,0.8065018842868231,32.866266603189054,all_rounds_slower_over_3pct
decode,json_metadata_after_tcp,2720000,1864,20000,all_three_match_reference,1622414.742627252,1555487.4681893263,1657562.563674931,1598.8477375547168,2182392.833223753,2096022.7700358226,2226832.63285385,1188.600925156652,1760655.9145384268,1645002.95904782,1789283.620390239,1473.3112354352559,1.3475021900856001,1.3166277286000216,1.3725421585160376,-25.78861783248939,all_rounds_faster_over_3pct,1.0621957524396128,1.057548191604973,1.1028521705200782,-5.85539457268246,all_rounds_faster_over_3pct
decode,json_crlf_tcp,3100000,2124,20000,all_three_match_reference,2342741.986365908,2297415.401311237,2363465.8392626615,1261.935969929564,2884228.809375,2871940.492857142,3158395.455555556,1025.019364361738,2433959.7700000005,2319199.9970874214,2523787.2299999995,1214.6422538690417,1.2500745364630175,1.2311337851800974,1.3363406413950503,-20.00477004919905,all_rounds_faster_over_3pct,1.0594339049920323,0.989951096016764,1.0678331745160126,-5.609968183194891,mixed_or_near_boundary
decode,large_utf8_tcp,2561024,1755,64,all_three_match_reference,231396.67589883617,223827.7332935302,250786.87305346347,10554.96066662505,1963772.7645412746,1857677.9474698864,2010419.68885834,1243.7196688948509,1002911.7800369936,974481.1617020972,1078685.311972893,2435.2917785150653,8.299587902423632,8.016447050758327,8.486607497334198,-87.95120900270264,all_rounds_faster_over_3pct,4.334166755599611,4.301203244170343,4.353710540526055,-76.92751441305228,all_rounds_faster_over_3pct
decode,large_utf8_event,2561024,64,64,all_three_match_reference,188006.89597449126,178213.08272929428,194421.76096602657,12990.921422538577,1676547.9546847667,1672822.615181496,1681696.4747508236,1456.7926945813067,999073.2701710875,988442.3103691244,1048064.1299738539,2444.6483410388423,8.917481170011127,8.649733786974004,9.386643166498128,-88.78607107842367,all_rounds_faster_over_3pct,5.390672961536407,5.257479015574174,5.606060199792851,-81.44944041059044,all_rounds_faster_over_3pct
decode,large_json_utf8_tcp,2561728,1755,64,all_three_match_reference,244554.671700373,218972.36139493837,273677.4486807231,9989.80793224006,1994583.9581746073,1935865.2687711585,2125092.5805555554,1224.844002783704,1083571.4954417334,1029674.950949835,1086130.8986335201,2254.6312905940777,8.155983871853245,7.764953198736976,8.84068316402559,-87.7390635426456,all_rounds_faster_over_3pct,4.4412600711396,3.9593013624803515,4.702305553040615,-77.4838675515031,all_rounds_faster_over_3pct
decode,large_json_escaped_tcp,2561728,1755,64,all_three_match_reference,132231.86673963387,126067.97380806688,136725.9053827119,18475.53286099449,1055892.3987854973,1009127.8079025459,1084638.95749905,2313.7340528530995,143591.5858437211,128630.08662243262,148882.29556952076,17013.90917067846,7.985158379897654,7.932944049359322,8.004632559883131,-87.4767668664223,all_rounds_faster_over_3pct,1.085907575716636,1.0203232647989287,1.088910657806812,-7.911131447806885,mixed_or_near_boundary
decode,large_json_base64_tcp,2561216,1755,64,all_three_match_reference,127264.73598402001,127119.69450566352,135898.85848633602,19192.79444602353,1001559.6975833498,989841.5491953033,1037453.6434231516,2438.762186480132,134959.65066908827,132132.8346485453,139670.2417934307,18098.490221775635,7.786689175462134,7.634012934166497,7.869891764118464,-87.15757136998279,all_rounds_faster_over_3pct,1.0394363765770256,1.027751397981565,1.0604638403998612,-3.79401543622071,mixed_or_near_boundary
decode,mixed_json_tcp,1620190,1110,10010,all_three_match_reference,588779.3383859468,565511.605406387,655379.0941450266,2624.29995409486,988535.3997377672,959677.017178924,989158.1971194498,1563.0533728059977,740499.1894459148,716189.1534086266,787813.0164960581,2086.6107792155753,1.6789573534419424,1.5092916541835286,1.6970067599042156,-40.43922569266263,all_rounds_faster_over_3pct,1.2664446610144453,1.129879173842021,1.3380446036977678,-21.038792235976445,all_rounds_faster_over_3pct
decode,mixed_json_whole,1620190,1,10010,all_three_match_reference,524011.6536962036,513129.8998418511,539049.5825899442,2948.662648625054,1139155.9857409305,1121667.0201172107,1444178.5518882535,1356.3845601822964,745249.9665202396,702818.899689384,944625.4310551336,2073.3091715694554,2.1859319062539786,2.1739134572784855,2.6791200634076775,-54.25292081885134,all_rounds_faster_over_3pct,1.452361218377508,1.3412276134164836,1.7523906177916688,-31.146605448667884,all_rounds_faster_over_3pct
decode,mixed_multiline_tcp,570190,391,10010,all_three_match_reference,494850.929686616,477275.9043575217,506412.8688522178,1098.8674080415433,1035506.3878763696,918335.045947385,1067185.5099728452,525.1300859542372,778781.3677316655,721724.0655240635,920657.0475517532,698.2390450037593,2.092562276344808,1.8134117484588943,2.2359928507378184,-52.21169705177166,all_rounds_faster_over_3pct,1.5737696364940845,1.4251692836318466,1.9289828779248408,-36.45829879983463,all_rounds_faster_over_3pct
decode,mixed_multiline_whole,570190,1,10010,all_three_match_reference,479195.5273789015,474410.1827242814,496609.0118334256,1134.7675998689247,965766.1844220618,956656.8338880884,1052138.3176306817,563.0509405307956,822672.3738207899,731156.0827272541,850135.729080702,660.9867740497814,2.0165183394557955,2.0153906479565853,2.118645237117835,-50.40957573091681,all_rounds_faster_over_3pct,1.7118813972829343,1.5257990547752476,1.7340951011983488,-41.584738195813046,all_rounds_faster_over_3pct
decode,alternating_sizes_tcp,2569024,1760,128,all_three_match_reference,139031.38990312145,132108.33722812144,141565.04103046443,17622.00758216144,1114299.341654385,1091173.4070445427,1115785.2165474547,2198.702014302324,150925.83854465114,144629.5089069098,152820.1474517501,16233.219113812762,7.871288939298161,7.848396019092407,8.445986377231772,-87.29560040659409,all_rounds_faster_over_3pct,1.0661236520404236,1.0402651444949889,1.1567789789668157,-6.202249796622683,all_rounds_faster_over_3pct
decode,varied_sizes_tcp,627840,431,64,all_three_match_reference,36374.23455378968,34733.43808069304,39939.57748664251,16460.961726275505,241377.87527832357,239819.224529608,274709.32510585163,2480.5706907565523,33122.12469531559,32089.47695819753,43392.28924398138,18077.188233554985,6.8781229645638104,6.63595751881397,6.904563377010297,-85.46114971843315,all_rounds_faster_over_3pct,0.9536091595184436,0.8822034979387424,1.0864483796428142,4.864764565074342,mixed_or_near_boundary
decode,comment_crlf_tcp,600000,411,0,all_three_match_reference,469921.6924038517,444298.8076711178,492288.69556330534,1217.6594506984286,672967.1446559022,656050.0169516711,1994635.954336084,850.2712121797958,1234303.8735282193,1210753.2666136369,1498240.8348359333,463.58486116398626,1.4765963932932664,1.4320835908071952,4.051760628087764,-32.27668680879743,all_rounds_faster_over_3pct,2.778094048908376,2.5765000556158895,3.043419132591617,-64.00409840721771,all_rounds_faster_over_3pct
encode,small_json,37,1,1,identical_wire,14.73557954464643,14.3914701078251,14.939804441512365,2394.608885257652,93.30792654718573,85.16441374026836,100.17740435966085,378.1666897204835,,,,,6.483557680215814,5.779508941757866,6.705402654488819,-84.57636918922708,all_rounds_faster_over_3pct,,,,,
encode,metadata_json,79,1,1,identical_wire,72.13199122430989,69.86382130506573,73.97671600143855,1044.477903872181,115.43489339070302,114.09529168952513,119.65109696187346,652.6646214424586,,,,,1.6174156333128755,1.5817571337344807,1.6522842758149132,-38.172973019201784,all_rounds_faster_over_3pct,,,,,
encode,large_ascii,40008,1,1,identical_wire,664.7475816342125,652.1169470688221,746.5393374202125,57397.12803013461,1251.179962153477,1199.9121351019155,1898.5797220457036,30494.895382684354,,,,,1.8821880616362405,1.8400259960968028,2.5431743873089836,-46.87034625378131,all_rounds_faster_over_3pct,,,,,
encode,large_utf8,40016,1,1,identical_wire,812.8419270606888,677.151362564572,828.4294337271301,46949.14247756712,1284.4345798704687,1071.0888010665205,1334.0097156480883,29711.308028752264,,,,,1.641167453642543,1.2929149514252025,1.8968204907776247,-39.067765584766065,all_rounds_faster_over_3pct,,,,,
encode,empty_with_retry,49,1,1,identical_wire,47.456355133462225,45.844243641981045,47.794863506218555,984.6951240247308,96.92672983744339,96.08112075198632,112.63445878308593,482.1171784323848,,,,,2.0279737764044943,2.0246207379765244,2.456894254002763,-50.689697685689275,all_rounds_faster_over_3pct,,,,,
