group,scenario,variant,rounds,ratio_median,ratio_p10,ratio_p90,ns_per_event_median
decode,ascii_id_after_1460,baseline,31,1.0,1.0,1.0,2815.9022177419356
decode,ascii_id_after_1460,combined,31,0.7174520667680218,0.6863876707164506,0.8463461529240242,2035.7796474358975
decode,ascii_id_after_1460,core,31,0.8664830092183341,0.8314934477266146,0.9882283870495576,2472.0842013888887
decode,ascii_id_after_1460,fused,31,1.0038321873047555,0.9342821661917105,1.108790741462552,2836.0050403225805
decode,ascii_id_after_1460,simd,31,0.8731342081938054,0.8384802576746984,0.9428322561312766,2478.6636513157896
decode,base64_id_after_1460,baseline,31,1.0,1.0,1.0,2995.5291666666667
decode,base64_id_after_1460,combined,31,0.7087563495521704,0.6683199020925418,0.7404812047683667,2120.011160714286
decode,base64_id_after_1460,core,31,0.8542096312490918,0.8012686044840724,0.9171283165671803,2564.9712837837837
decode,base64_id_after_1460,fused,31,1.002784401941584,0.9476993018338835,1.0451564537940172,3002.8649193548385
decode,base64_id_after_1460,simd,31,0.8617653887954438,0.8341425224290375,0.9177409439581844,2591.0125
decode,chinese_id_after_1460,baseline,31,1.0,1.0,1.0,22054.520833333332
decode,chinese_id_after_1460,combined,31,0.1687829189329128,0.1650898394761299,0.17459312810553132,3721.5807291666665
decode,chinese_id_after_1460,core,31,0.9616963408592655,0.9170739879334423,1.007829552531863,20889.7265625
decode,chinese_id_after_1460,fused,31,0.9944196977032159,0.9622769540085448,1.047255150614713,21756.947916666668
decode,chinese_id_after_1460,simd,31,0.18882874893549187,0.18428967226050402,0.19608164804675132,4161.845170454545
decode,mixed_data_1460,baseline,31,1.0,1.0,1.0,101.75024975024975
decode,mixed_data_1460,combined,31,0.4442136417801359,0.43682745689293034,0.453800373076564,44.93724017917567
decode,mixed_data_1460,core,31,0.7952711614237652,0.7742483352155731,0.8177028854581296,80.64989177489178
decode,mixed_data_1460,fused,31,0.7501446077399836,0.7387913575781707,0.766400432499696,76.3835878407307
decode,mixed_data_1460,simd,31,0.7860562984997228,0.7680991834886898,0.801382959641903,79.72490366776081
decode,mixed_data_event,baseline,31,1.0,1.0,1.0,98.50180853629129
decode,mixed_data_event,combined,31,0.5519398906938355,0.5381421170842546,0.5603682497477751,54.48745799654891
decode,mixed_data_event,core,31,0.8683477522772897,0.8362897202231873,0.8968858081817636,85.39722777222777
decode,mixed_data_event,fused,31,0.7498474306299353,0.7301981529543262,0.7610992530575271,73.95596508754403
decode,mixed_data_event,simd,31,0.819062924250536,0.8037092132575819,0.8353856950706481,81.06820206820207
decode,mixed_id_after_1460,baseline,31,1.0,1.0,1.0,133.08158508158508
decode,mixed_id_after_1460,combined,31,0.5835613676872774,0.5670871751682144,0.5935278653906185,77.10055733739944
decode,mixed_id_after_1460,core,31,0.8864005341266473,0.8743650249206458,0.9118997567847091,118.54845154845155
decode,mixed_id_after_1460,fused,31,0.9991084967750554,0.9761382372690296,1.0198072519483206,132.858732176914
decode,mixed_id_after_1460,simd,31,0.8807230920516158,0.8609809214545765,0.9025068143091212,116.9058941058941
decode,mixed_id_after_event,baseline,31,1.0,1.0,1.0,133.47980590837733
decode,mixed_id_after_event,combined,31,0.5650431610216095,0.5551934363804216,0.5743314036545634,75.28392120699813
decode,mixed_id_after_event,core,31,0.9668346564944541,0.9510843921458294,0.9849001487629083,128.8740390044738
decode,mixed_id_after_event,fused,31,0.9960394136024994,0.9853264578751801,1.0183403432938853,132.717044859902
decode,mixed_id_after_event,simd,31,0.8879180644753621,0.8726748469662098,0.9060011657666299,118.27268731268732
decode,mixed_meta_before_1460,baseline,31,1.0,1.0,1.0,160.5660450660451
decode,mixed_meta_before_1460,combined,31,0.6192342495228966,0.6039731042122027,0.6324176533719511,99.16729424421732
decode,mixed_meta_before_1460,core,31,0.9053508294594133,0.8859308358823021,0.9132352481543915,144.88276723276724
decode,mixed_meta_before_1460,fused,31,0.991102937709896,0.9736715579744987,1.0145086762824878,159.92346542346542
decode,mixed_meta_before_1460,simd,31,0.8966615058298085,0.8792225071412,0.915023291679876,144.1090243090243
decode,mixed_meta_before_event,baseline,31,1.0,1.0,1.0,156.3208896366791
decode,mixed_meta_before_event,combined,31,0.6138948969511451,0.5159914642024327,0.6313312582191231,96.44642024642025
decode,mixed_meta_before_event,core,31,0.9781310712118253,0.9335477429997238,1.005123796044155,152.99032546400966
decode,mixed_meta_before_event,fused,31,0.9810488274034379,0.9265089232003209,1.019985115229369,154.68068773331933
decode,mixed_meta_before_event,simd,31,0.9043113381036038,0.8480943621382504,0.9303676319597093,141.41449027163313
decode,progress_data_1460,baseline,31,1.0,1.0,1.0,55.37588095238095
decode,progress_data_1460,combined,31,0.7544564094127962,0.7162072472691638,0.8113131729191239,43.348
decode,progress_data_1460,core,31,0.7278820303939723,0.700084671088698,0.7636169499591444,40.24088333333333
decode,progress_data_1460,fused,31,0.9017827943831485,0.8755941646236209,0.9972193551724858,49.94023333333334
decode,progress_data_1460,simd,31,0.9911747921082669,0.9565712435144612,1.0441491049163172,54.42040476190476
decode,progress_data_event,baseline,31,1.0,1.0,1.0,59.50251111111111
decode,progress_data_event,combined,31,0.8588450331788865,0.8193566330864576,0.9175814216941269,51.14042105263158
decode,progress_data_event,core,31,0.8222528032072156,0.8026807771878279,0.8516552188747861,48.99522807017544
decode,progress_data_event,fused,31,0.9132642454745618,0.8919973092845417,0.9849068357519868,54.50109259259259
decode,progress_data_event,simd,31,0.9927455607214878,0.9579531201424927,1.013792049154548,59.057854166666665
decode,progress_id_after_1460,baseline,31,1.0,1.0,1.0,86.51545833333333
decode,progress_id_after_1460,combined,31,0.8180188661035086,0.7911625003526176,0.8350462101212128,70.71755555555555
decode,progress_id_after_1460,core,31,0.8943744228948851,0.8692809451283772,0.9246253843396098,77.26716666666667
decode,progress_id_after_1460,fused,31,1.0060894873467587,0.985669110440741,1.0171634025682612,87.31183333333334
decode,progress_id_after_1460,simd,31,1.0272566234440772,1.003673503549791,1.0617069952897382,89.19885185185186
decode,progress_id_after_event,baseline,31,1.0,1.0,1.0,84.73425925925926
decode,progress_id_after_event,combined,31,0.850522496957735,0.8352454364674129,0.8757933061813062,71.92335897435898
decode,progress_id_after_event,core,31,1.064328824004205,1.0496666753605801,1.1090244559400018,89.91076666666666
decode,progress_id_after_event,fused,31,1.0053068138377963,0.9672283280692618,1.049288577486252,85.185
decode,progress_id_after_event,simd,31,1.0257276945051783,1.0068748688727465,1.070175792876622,86.78355555555555
decode,progress_meta_before_1460,baseline,31,1.0,1.0,1.0,113.64904166666666
decode,progress_meta_before_1460,combined,31,0.825970760159691,0.8095808330685439,0.8422569139406507,93.25513333333335
decode,progress_meta_before_1460,core,31,0.9135934660751593,0.8984759321512265,0.9463418322661806,103.6441111111111
decode,progress_meta_before_1460,fused,31,0.9915940781098646,0.9733745386726718,1.0118891586864194,112.16766666666666
decode,progress_meta_before_1460,simd,31,1.01352227861853,0.9969782918939316,1.0411298030082303,115.23575
decode,progress_meta_before_event,baseline,31,1.0,1.0,1.0,110.29925925925924
decode,progress_meta_before_event,combined,31,0.8219925560923542,0.80156876859425,0.8379935716928691,90.2829090909091
decode,progress_meta_before_event,core,31,0.9673118827572711,0.9417798648024648,0.9798786941565849,106.05395833333333
decode,progress_meta_before_event,fused,31,0.9894022220322013,0.9717968504595874,1.013181159780562,108.76811111111111
decode,progress_meta_before_event,simd,31,1.027582770190621,1.0016063386853946,1.0506030035049418,112.58754166666667
decode_json,ascii_id_after_1460,baseline,31,1.0,1.0,1.0,8692.11875
decode_json,ascii_id_after_1460,combined,31,0.9093585537081093,0.8752950853656671,0.9352112072797187,7940.125
decode_json,ascii_id_after_1460,core,31,0.9483921454439571,0.9282978012491484,0.9947226949255533,8336.241477272728
decode_json,ascii_id_after_1460,fused,31,1.0137443016185974,0.9673953326250642,1.0501016591906867,8783.005681818182
decode_json,ascii_id_after_1460,json_only,31,0.6632377494992282,0.6398786410234923,0.6803993301860826,5756.99609375
decode_json,ascii_id_after_1460,simd,31,0.9651449495816237,0.923914019310609,0.9861711060926565,8403.738636363636
decode_json,base64_id_after_1460,baseline,31,1.0,1.0,1.0,9357.521875
decode_json,base64_id_after_1460,combined,31,0.901708237062187,0.8688634518309029,0.9647375649681827,8616.392045454546
decode_json,base64_id_after_1460,core,31,0.957350905128194,0.8963516209283241,1.0880938855726634,8953.54375
decode_json,base64_id_after_1460,fused,31,1.007925776288928,0.9505158576043373,1.254262064927095,9586.76875
decode_json,base64_id_after_1460,json_only,31,0.6675165061930978,0.637930193144818,0.7503005591947014,6410.133333333333
decode_json,base64_id_after_1460,simd,31,0.9572865915326421,0.9337169501101792,1.1752613834205923,9010.0
decode_json,chinese_id_after_1460,baseline,31,1.0,1.0,1.0,28740.302083333332
decode_json,chinese_id_after_1460,combined,31,0.33556453440621736,0.27787650649504597,0.3502265627249431,9667.260416666666
decode_json,chinese_id_after_1460,core,31,0.9288363700340092,0.8813090599192305,1.0040824671802024,26836.364583333332
decode_json,chinese_id_after_1460,fused,31,0.9749832291263251,0.9020539107628159,1.033899233760011,28042.96875
decode_json,chinese_id_after_1460,json_only,31,0.20242025029206992,0.18874099861822863,0.21144998966854253,5810.234375
decode_json,chinese_id_after_1460,simd,31,0.3554545945229324,0.3188513617411851,0.37201664882507507,10153.590277777777
decode_json,mixed_data_1460,baseline,31,1.0,1.0,1.0,1068.3516483516485
decode_json,mixed_data_1460,combined,31,0.9120940946182665,0.8470867209253682,1.0817598693020514,975.5980685980686
decode_json,mixed_data_1460,core,31,0.9771522812855892,0.9031527708847359,0.9998250610867773,1048.6008991008991
decode_json,mixed_data_1460,fused,31,0.9576019352859606,0.9337691076190923,1.0087570016703618,1020.1618381618382
decode_json,mixed_data_1460,json_only,31,0.8608711469917106,0.8189407819321569,0.9726014382492836,918.2147852147853
decode_json,mixed_data_1460,simd,31,0.9881088819795898,0.9452140712362159,1.0686539435612528,1048.7722277722278
decode_json,mixed_data_event,baseline,31,1.0,1.0,1.0,1048.2002997002996
decode_json,mixed_data_event,combined,31,0.9307370168091553,0.8902761446798055,0.9882061671202261,968.8681318681319
decode_json,mixed_data_event,core,31,1.0122756336146388,0.95659996574156,1.0887146108693049,1050.2112887112887
decode_json,mixed_data_event,fused,31,0.9503792191751742,0.9268846703292798,1.0643228767854704,985.8211788211788
decode_json,mixed_data_event,json_only,31,0.8810053099909125,0.8544475654827757,0.986215169627073,915.8376623376623
decode_json,mixed_data_event,simd,31,0.9838704911274622,0.9547001561230316,1.095910237712771,1022.4455544455544
decode_json,mixed_id_after_1460,baseline,31,1.0,1.0,1.0,1100.8821178821179
decode_json,mixed_id_after_1460,combined,31,0.9385086206896551,0.911309050378596,1.0516710981803585,1034.2937062937062
decode_json,mixed_id_after_1460,core,31,0.9892124991828344,0.9734691251055869,1.0739481399795923,1085.467032967033
decode_json,mixed_id_after_1460,fused,31,1.0085396667061344,0.9827711998665889,1.0892947551322845,1110.1298701298701
decode_json,mixed_id_after_1460,json_only,31,0.8377762210768913,0.826528639290794,0.8839362435333262,918.4065934065934
decode_json,mixed_id_after_1460,simd,31,0.9846281427733528,0.9603154299259175,1.0359532529540496,1081.7967032967033
decode_json,mixed_id_after_event,baseline,31,1.0,1.0,1.0,1088.2872127872129
decode_json,mixed_id_after_event,combined,31,0.9255322166164753,0.9023181026795508,0.9980659742694843,1007.7948717948717
decode_json,mixed_id_after_event,core,31,1.0055085405407398,0.9645125410580392,1.1675200884847297,1090.4765234765234
decode_json,mixed_id_after_event,fused,31,1.0100216054434712,0.9841209686241178,1.0699479572046495,1092.7487512487512
decode_json,mixed_id_after_event,json_only,31,0.8453796012715776,0.814130417885323,0.8866846200006199,910.7212787212787
decode_json,mixed_id_after_event,simd,31,0.9829321512445084,0.9558377549104713,1.032205173987488,1063.3256743256743
decode_json,mixed_meta_before_1460,baseline,31,1.0,1.0,1.0,1148.2602397602398
decode_json,mixed_meta_before_1460,combined,31,0.9319446785104303,0.8195385337402256,0.975861294067919,1088.027972027972
decode_json,mixed_meta_before_1460,core,31,0.9685957574078228,0.9008783829534868,1.0093080041368907,1109.897102897103
decode_json,mixed_meta_before_1460,fused,31,1.002358860779066,0.9043878637433922,1.0366270830383562,1149.8026973026972
decode_json,mixed_meta_before_1460,json_only,31,0.8057277576539006,0.7762781698046318,0.8245766627748131,925.4691974691974
decode_json,mixed_meta_before_1460,simd,31,0.9931870461512748,0.9373361787773152,1.0582396947260537,1140.3986013986014
decode_json,mixed_meta_before_event,baseline,31,1.0,1.0,1.0,1126.1748251748252
decode_json,mixed_meta_before_event,combined,31,0.9310216948730958,0.9067414951846463,0.9900293068015352,1043.8756243756243
decode_json,mixed_meta_before_event,core,31,1.0042667875492175,0.960304884391549,1.045208309836916,1120.0874125874127
decode_json,mixed_meta_before_event,fused,31,0.9962411612122222,0.9584630016197618,1.0386858014628069,1125.500999000999
decode_json,mixed_meta_before_event,json_only,31,0.8207479634986574,0.8000520164730547,0.8380255113253567,922.3916083916084
decode_json,mixed_meta_before_event,simd,31,0.984097656861462,0.9471999079156216,1.0457835021315949,1104.0664335664335
decode_json,progress_data_1460,baseline,31,1.0,1.0,1.0,986.2243333333333
decode_json,progress_data_1460,combined,31,0.9758232715532336,0.9456936205055751,1.0018946179801875,969.6766666666666
decode_json,progress_data_1460,core,31,0.9795107101857874,0.9376086396258057,1.0392337782605836,962.3523333333334
decode_json,progress_data_1460,fused,31,0.9980580221723412,0.9545130298361222,1.0275111346719124,986.4786666666666
decode_json,progress_data_1460,json_only,31,0.9205369287424134,0.8835343699576949,0.9766907096885328,906.6986666666667
decode_json,progress_data_1460,simd,31,0.9963550365766541,0.9572343828524739,1.0182299553632248,980.498
decode_json,progress_data_event,baseline,31,1.0,1.0,1.0,964.659
decode_json,progress_data_event,combined,31,0.9885084943878734,0.9570119590612627,1.0040828250016374,955.6036666666666
decode_json,progress_data_event,core,31,0.9960765850596359,0.9807601543154986,1.0141047925298843,960.5126666666666
decode_json,progress_data_event,fused,31,0.9984505564255415,0.9773800566370713,1.0135532204438042,967.9083333333333
decode_json,progress_data_event,json_only,31,0.9399962692052714,0.9279375350561583,0.9468979884774482,905.827
decode_json,progress_data_event,simd,31,0.9974003265012491,0.9767384931650431,1.011277265408209,964.9183333333333
decode_json,progress_id_after_1460,baseline,31,1.0,1.0,1.0,1016.7483333333333
decode_json,progress_id_after_1460,combined,31,0.9873007059465959,0.9771026126369319,0.9999343047687183,1003.8226666666667
decode_json,progress_id_after_1460,core,31,0.9840465995569538,0.9712130112773435,1.0025113204011395,1001.655
decode_json,progress_id_after_1460,fused,31,1.0005647287054455,0.9904727700413941,1.0036473992407602,1017.9306666666666
decode_json,progress_id_after_1460,json_only,31,0.8904007651080754,0.8785584500143789,0.8990157956769727,905.6813333333333
decode_json,progress_id_after_1460,simd,31,1.006754928174762,0.9923394116515557,1.0509811407167402,1027.657
decode_json,progress_id_after_event,baseline,31,1.0,1.0,1.0,1016.1606666666667
decode_json,progress_id_after_event,combined,31,0.9855011782535119,0.9692560428018353,0.9969214542620533,1004.2326666666667
decode_json,progress_id_after_event,core,31,1.0026991644853096,0.9768787080708278,1.0154815543088704,1021.4826666666667
decode_json,progress_id_after_event,fused,31,1.000098682912067,0.9787645940059708,1.0186084497412056,1017.7106666666666
decode_json,progress_id_after_event,json_only,31,0.8943988250611975,0.8716183211300731,0.9068258500716717,910.5153333333334
decode_json,progress_id_after_event,simd,31,1.0024933082801806,0.9804039624704012,1.013628533675853,1020.4626666666667
decode_json,progress_meta_before_1460,baseline,31,1.0,1.0,1.0,1070.4966666666667
decode_json,progress_meta_before_1460,combined,31,0.9768957028738657,0.9336419761414324,1.079947042432764,1037.7966666666666
decode_json,progress_meta_before_1460,core,31,0.9672897826691946,0.9431514025871102,1.0126771771767005,1032.113
decode_json,progress_meta_before_1460,fused,31,0.9959067870541655,0.9606495332626879,1.0434819055710116,1059.9216666666666
decode_json,progress_meta_before_1460,json_only,31,0.8653455940830406,0.8347836796272444,0.8787563788586246,917.6346666666667
decode_json,progress_meta_before_1460,simd,31,1.0010550471151254,0.9717596687423337,1.1520793469693356,1056.9053333333334
decode_json,progress_meta_before_event,baseline,31,1.0,1.0,1.0,1061.6173333333334
decode_json,progress_meta_before_event,combined,31,0.9894963816085454,0.9487682441749543,1.0572885109390335,1043.4223333333334
decode_json,progress_meta_before_event,core,31,0.9911371830031122,0.9547199608756416,1.158107720464949,1048.2926666666667
decode_json,progress_meta_before_event,fused,31,0.9921736177446359,0.9388421913009748,1.0653874329885433,1041.0573333333334
decode_json,progress_meta_before_event,json_only,31,0.8728479247271745,0.8318816195939982,0.9049777917394662,924.0363333333333
decode_json,progress_meta_before_event,simd,31,0.9939347233153375,0.9316639907705903,1.0306700306686558,1052.6716666666666
encode,ascii_id_after_1460,baseline,31,1.0,1.0,1.0,16152.651041666666
encode,ascii_id_after_1460,direct,31,0.8934014223064247,0.8135709458894778,1.1263639229204736,14622.419642857143
encode,ascii_id_after_1460,reserved,31,0.9246844933002234,0.8131417187295527,1.08662873699788,14759.79017857143
encode,base64_id_after_1460,baseline,31,1.0,1.0,1.0,14953.161458333334
encode,base64_id_after_1460,direct,31,0.8896719220275737,0.8182690531646026,0.9082772040675489,13249.97767857143
encode,base64_id_after_1460,reserved,31,0.9466911783914145,0.8636523758620182,1.0250068297572086,14068.828125
encode,chinese_id_after_1460,baseline,31,1.0,1.0,1.0,13311.089285714286
encode,chinese_id_after_1460,direct,31,0.8810009664899547,0.854520447692331,0.9063537201946772,11772.91517857143
encode,chinese_id_after_1460,reserved,31,0.9376348493272245,0.9096487056165491,0.9561442443582083,12459.77232142857
encode,mixed_id_after_1460,baseline,31,1.0,1.0,1.0,453.3608058608059
encode,mixed_id_after_1460,direct,31,0.7451703960716282,0.7267106205982411,0.7698580585072541,337.9902597402597
encode,mixed_id_after_1460,reserved,31,0.8049478279904655,0.7765866896593654,0.8255773718412402,363.887987012987
encode,progress_data_event,baseline,31,1.0,1.0,1.0,415.034
encode,progress_data_event,direct,31,0.8038088629558776,0.7843478325837664,0.8433858390319976,334.20666666666665
encode,progress_data_event,reserved,31,0.8454133191501274,0.8192895445934428,0.8808162374067702,350.87983333333335
encode,progress_id_after_1460,baseline,31,1.0,1.0,1.0,429.81466666666665
encode,progress_id_after_1460,direct,31,0.7694178309021734,0.7061563828155148,0.8264090712195729,334.55383333333333
encode,progress_id_after_1460,reserved,31,0.8262085513211427,0.780698816769131,0.8684224167586901,360.478
