experiment,scenario,variant,paired_rounds,median_ns,median_ratio_vs_baseline,ratio_p10,ratio_p90
screen-bytes.csv,keep_4b,adaptive,31,9742564.0,0.9881897911532426,0.9587372652813668,1.0348545607567874
screen-bytes.csv,keep_4b,baseline,31,9876525.0,1.0,1.0,1.0
screen-bytes.csv,keep_4b,capped,31,9975125.0,1.012294355109201,0.962474985791373,1.045751427564615
screen-bytes.csv,keep_4b,comment,31,9839476.0,0.9972783098528616,0.9590169167293838,1.0336205284654179
screen-bytes.csv,keep_4b,core,31,11717542.0,1.1842944760429401,1.144531051412578,1.209840010335861
screen-bytes.csv,keep_4b,fused_direct,31,9865513.0,0.996036229126664,0.9684531840144167,1.0761103836127364
screen-bytes.csv,keep_4b,fused_dispatch,31,9821350.0,0.9928618895101209,0.8965708585258192,1.00669029848202
screen-bytes.csv,keep_4b,lazy,31,9822716.0,0.9946212209868923,0.8781556474752626,1.0246095586659747
screen-bytes.csv,keep_4b,poll,31,9037440.0,0.9145894663587044,0.8836091742388923,0.9329523504299557
screen-bytes.csv,keep_4b,previous_combo,31,8901981.0,0.898543041693691,0.8431302526773372,0.9250940734010561
screen-bytes.csv,keep_4b,reserve,31,9907469.0,1.0012060293342568,0.9559436503517842,1.0313372194006258
screen-bytes.csv,keep_4b,reuse_copy,31,9895974.0,0.9991564162119536,0.956204424302839,1.0559362731325035
screen-bytes.csv,keep_4b,simd,31,9812598.0,0.9927297577734076,0.9511212138652423,1.0083648978350777
screen-bytes.csv,keep_event,adaptive,31,3206601.0,0.9900007191039778,0.9539429860726221,1.0048581578879971
screen-bytes.csv,keep_event,baseline,31,3220915.0,1.0,1.0,1.0
screen-bytes.csv,keep_event,capped,31,3224703.0,1.0039785455825518,0.9780145118554003,1.0186196715586588
screen-bytes.csv,keep_event,comment,31,3266772.0,1.01475861914553,0.9204454644987541,1.0308772022557744
screen-bytes.csv,keep_event,core,31,3026452.0,0.9422449863115169,0.9247742171399725,0.9937600202537185
screen-bytes.csv,keep_event,fused_direct,31,3225380.0,1.0019756243053837,0.9733714112845202,1.0409893078904278
screen-bytes.csv,keep_event,fused_dispatch,31,3219195.0,0.9974126920833774,0.9722593513593939,1.0212347660145242
screen-bytes.csv,keep_event,lazy,31,3222600.0,0.9985383283476427,0.9728413161846753,1.0124312453033872
screen-bytes.csv,keep_event,poll,31,3105541.0,0.9637468976230362,0.9071604062318037,0.9822644552081925
screen-bytes.csv,keep_event,previous_combo,31,3067399.0,0.9498082561195715,0.9211124097473167,0.9649482810480465
screen-bytes.csv,keep_event,reserve,31,3252677.0,1.0132118805080186,0.9521668508375877,1.0551997817814611
screen-bytes.csv,keep_event,reuse_copy,31,3232959.0,1.000543849883719,0.956712873379091,1.0333995941746958
screen-bytes.csv,keep_event,simd,31,3226205.0,1.004714982201836,0.9601663266537193,1.030153904842165
screen-bytes.csv,keep_tcp,adaptive,31,1087117.5,1.0715200927891089,0.9979068534294241,1.1172359775292797
screen-bytes.csv,keep_tcp,baseline,31,1005171.0,1.0,1.0,1.0
screen-bytes.csv,keep_tcp,capped,31,991778.75,0.9899429093779865,0.912370751507963,1.0030018400653524
screen-bytes.csv,keep_tcp,comment,31,1028893.5,1.0226756321564885,0.9494472850518838,1.0422151909311748
screen-bytes.csv,keep_tcp,core,31,1091756.6666666667,1.0779241792576073,1.009966537507797,1.107822661735987
screen-bytes.csv,keep_tcp,fused_direct,31,987427.3333333334,0.9802148260887983,0.9537280018842991,1.0550235388678377
screen-bytes.csv,keep_tcp,fused_dispatch,31,1032117.0,1.014296210823447,0.9210222171471205,1.0429615272807333
screen-bytes.csv,keep_tcp,lazy,31,982733.3333333334,0.9785820293660042,0.9129170738556903,0.9935392111228815
screen-bytes.csv,keep_tcp,poll,31,984749.25,0.9832109970327932,0.909285522796868,1.0206367470632849
screen-bytes.csv,keep_tcp,previous_combo,31,1080491.75,1.0677955233835597,0.9905748081821784,1.0872757228078056
screen-bytes.csv,keep_tcp,reserve,31,984432.0,0.9796109653307888,0.902754928705251,1.0285080238314561
screen-bytes.csv,keep_tcp,reuse_copy,31,1012014.6,1.0044861114863546,0.9608872059038351,1.0894064156738887
screen-bytes.csv,keep_tcp,simd,31,1003831.75,0.995118371084597,0.9234409784987706,1.0294702577779784
screen-bytes.csv,keep_whole,adaptive,31,1061873.5,1.1123020737912548,1.013670675971058,1.1330287809891697
screen-bytes.csv,keep_whole,baseline,31,953734.0,1.0,1.0,1.0
screen-bytes.csv,keep_whole,capped,31,1068619.0,1.0976036807823764,0.9929090393554949,1.2120077996401386
screen-bytes.csv,keep_whole,comment,31,991062.8,1.0409057109642554,1.0004813919982716,1.0983272920156868
screen-bytes.csv,keep_whole,core,31,1062632.0,1.1115160946842493,1.0648484639572484,1.1778834608481703
screen-bytes.csv,keep_whole,fused_direct,31,951464.0,1.0007745752116959,0.9606274250071432,1.0435278225961708
screen-bytes.csv,keep_whole,fused_dispatch,31,957961.2,1.002442187789272,0.9631177805082685,1.0639401928426637
screen-bytes.csv,keep_whole,lazy,31,978655.0,1.0165738403694897,0.9637299963146937,1.1182678298427133
screen-bytes.csv,keep_whole,poll,31,1027515.4,1.073458904377923,1.005166175674069,1.14671539776954
screen-bytes.csv,keep_whole,previous_combo,31,1059983.25,1.104524355373046,1.030448971958247,1.187072719727255
screen-bytes.csv,keep_whole,reserve,31,953981.0,1.0030876671708582,0.958746705233118,1.0545112196103812
screen-bytes.csv,keep_whole,reuse_copy,31,953489.2,1.00221503551724,0.959743579735175,1.0836390068981256
screen-bytes.csv,keep_whole,simd,31,951083.2,0.9972151858836632,0.9587802295231052,1.0568424301208006
screen-bytes.csv,large_event,adaptive,31,87126.54385964913,0.9966752419925605,0.9635751967950468,1.0065322943941875
screen-bytes.csv,large_event,baseline,31,87438.97727272728,1.0,1.0,1.0
screen-bytes.csv,large_event,capped,31,94841.19607843137,1.084219291162636,1.0278334630642958,1.0980385604486314
screen-bytes.csv,large_event,comment,31,87596.54385964913,1.0004110151850598,0.9817490631572439,1.0080117213062665
screen-bytes.csv,large_event,core,31,90914.29090909091,1.0392265292537106,1.0009590172408356,1.064312366828092
screen-bytes.csv,large_event,fused_direct,31,86333.73684210527,0.9864029555717524,0.9487034858434453,0.9958345083282275
screen-bytes.csv,large_event,fused_dispatch,31,87245.73684210527,0.9958822421421673,0.951135874200341,1.0213704441870466
screen-bytes.csv,large_event,lazy,31,87434.63636363637,1.0000510760028607,0.9858329827674954,1.066553486278777
screen-bytes.csv,large_event,poll,31,87426.89285714286,1.0004954013418466,0.9929909722318623,1.0324650557483392
screen-bytes.csv,large_event,previous_combo,31,86239.4,0.9856346163137254,0.9689066588426165,0.9925144677915803
screen-bytes.csv,large_event,reserve,31,87665.21818181819,1.0020134767989521,0.9838063629360839,1.0100071518020168
screen-bytes.csv,large_event,reuse_copy,31,125773.66666666667,1.4397225686839563,1.349216735103452,1.4536669692891473
screen-bytes.csv,large_event,simd,31,73419.73529411765,0.8381167849518028,0.821785562525562,0.8492127348988048
screen-bytes.csv,large_tcp,adaptive,31,125191.94871794872,0.9376252114527347,0.9097135397934724,0.9678405374530505
screen-bytes.csv,large_tcp,baseline,31,133891.86956521738,1.0,1.0,1.0
screen-bytes.csv,large_tcp,capped,31,177521.07692307694,1.3297239668526426,1.23803534891523,1.3377401092845436
screen-bytes.csv,large_tcp,comment,31,128181.24324324324,0.9587815191056952,0.9097287248455267,0.9684714453184199
screen-bytes.csv,large_tcp,core,31,123399.9756097561,0.9224501866601476,0.8451415391641518,0.95231628926262
screen-bytes.csv,large_tcp,fused_direct,31,133906.0,1.0000963093418702,0.9648164492483045,1.0649542602110442
screen-bytes.csv,large_tcp,fused_dispatch,31,133928.83333333334,1.0008611204829845,0.9380583878912917,1.0144279190880967
screen-bytes.csv,large_tcp,lazy,31,163023.0,1.2138216646027227,1.1658739726842884,1.2257523259729621
screen-bytes.csv,large_tcp,poll,31,135057.42857142858,1.010935127638197,0.9707600905760086,1.0213429102532077
screen-bytes.csv,large_tcp,previous_combo,31,125973.0,0.9400801525672104,0.8655165474542962,1.0535067919358994
screen-bytes.csv,large_tcp,reserve,31,134292.88,1.003314774831256,0.9750202500130394,1.0300217259618034
screen-bytes.csv,large_tcp,reuse_copy,31,164347.0,1.2291580376399365,1.1907900629551103,1.2390422876113505
screen-bytes.csv,large_tcp,simd,31,110888.68181818182,0.8276155547437176,0.7879565773327937,0.8405603579582491
screen-bytes.csv,large_utf8_tcp,adaptive,31,1016375.0,0.9911612694058112,0.9714661854647559,1.0130676470048265
screen-bytes.csv,large_utf8_tcp,baseline,31,1027544.5,1.0,1.0,1.0
screen-bytes.csv,large_utf8_tcp,capped,31,1059668.5,1.0311836582254135,1.0160205494521577,1.0401426680369026
screen-bytes.csv,large_utf8_tcp,comment,31,1019122.0,0.9924923946349071,0.972581822232379,1.0386089454969352
screen-bytes.csv,large_utf8_tcp,core,31,1013593.75,0.9883082841325981,0.968930134309941,1.0557458564346054
screen-bytes.csv,large_utf8_tcp,fused_direct,31,1025520.5,1.0011784129328998,0.9835578950247571,1.0289000241590796
screen-bytes.csv,large_utf8_tcp,fused_dispatch,31,1024574.0,0.999329416749033,0.9867671873849091,1.0317940746115066
screen-bytes.csv,large_utf8_tcp,lazy,31,1060162.0,1.032343819229065,0.9660458991076967,1.0410859146268667
screen-bytes.csv,large_utf8_tcp,poll,31,1028137.0,1.0018122616257452,0.9820005148879639,1.021881626714314
screen-bytes.csv,large_utf8_tcp,previous_combo,31,1015780.75,0.9915406601737856,0.9804116496726556,1.045381872446474
screen-bytes.csv,large_utf8_tcp,reserve,31,1028561.5,1.002101033808299,0.9889075652236473,1.050917182980678
screen-bytes.csv,large_utf8_tcp,reuse_copy,31,1057109.0,1.0301810732158372,1.0134783203072673,1.0679541461347581
screen-bytes.csv,large_utf8_tcp,simd,31,212387.60869565216,0.20665958180995045,0.20062121344928724,0.20867756286790567
screen-bytes.csv,medium_10b,adaptive,31,1696604.0,0.9637796773618427,0.9348526698442683,1.0245089193682684
screen-bytes.csv,medium_10b,baseline,31,1777355.0,1.0,1.0,1.0
screen-bytes.csv,medium_10b,capped,31,1786520.5,1.0028057939088362,0.9764995094328277,1.0672467388986933
screen-bytes.csv,medium_10b,comment,31,1741198.0,0.9746948346368887,0.9440728970611465,1.0714318670258245
screen-bytes.csv,medium_10b,core,31,1686798.0,0.9502406314917672,0.9298886440723706,1.0034708210244692
screen-bytes.csv,medium_10b,fused_direct,31,1776336.0,1.0013793958954826,0.9583395052787214,1.024945276370438
screen-bytes.csv,medium_10b,fused_dispatch,31,1773643.0,1.000148586711776,0.9539224876538318,1.0313180153750616
screen-bytes.csv,medium_10b,lazy,31,1802131.5,1.0178048191183253,1.0060871350968152,1.0685483222466252
screen-bytes.csv,medium_10b,poll,31,1728881.0,0.9636556902995737,0.9250012321146339,1.134396688093583
screen-bytes.csv,medium_10b,previous_combo,31,1647010.3333333333,0.9291871504747041,0.9028984790637843,0.9484150640261187
screen-bytes.csv,medium_10b,reserve,31,1785002.5,1.0078548637981648,0.989182591198016,1.1010534855798464
screen-bytes.csv,medium_10b,reuse_copy,31,1778689.5,1.0065527895829915,0.9745713488153441,1.1020077581172913
screen-bytes.csv,medium_10b,simd,31,1757505.0,0.9948496616814544,0.9790572363381036,1.071094996012232
screen-bytes.csv,metadata_tcp,adaptive,31,3854020.0,0.9635099257185784,0.9430623901068167,0.9778797437429289
screen-bytes.csv,metadata_tcp,baseline,31,3995742.0,1.0,1.0,1.0
screen-bytes.csv,metadata_tcp,capped,31,4195193.0,1.050647689858955,1.011436094218599,1.0668169457927774
screen-bytes.csv,metadata_tcp,comment,31,4174169.0,1.0456399570120039,0.9859105041602867,1.058988184071499
screen-bytes.csv,metadata_tcp,core,31,4620433.0,1.1582472544245046,1.1246460041043487,1.1802294848661974
screen-bytes.csv,metadata_tcp,fused_direct,31,4118296.0,1.0298895221323459,1.0156994904855465,1.078280769524003
screen-bytes.csv,metadata_tcp,fused_dispatch,31,4117628.0,1.0275182240972045,0.9764906461185194,1.0651435611161477
screen-bytes.csv,metadata_tcp,lazy,31,4218605.0,1.0557992307238895,1.043174819676818,1.068803781544639
screen-bytes.csv,metadata_tcp,poll,31,3927030.0,0.9742072740805799,0.9147585316270554,0.9971020464498682
screen-bytes.csv,metadata_tcp,previous_combo,31,3820502.0,0.9574011159143838,0.9221570644234687,0.9931652618601241
screen-bytes.csv,metadata_tcp,reserve,31,3978502.0,0.996494417816417,0.9779186150205431,1.0110538221565828
screen-bytes.csv,metadata_tcp,reuse_copy,31,4386862.0,1.0976554830615248,1.0586529713595048,1.1231760374288955
screen-bytes.csv,metadata_tcp,simd,31,4122184.0,1.0302314313586813,1.0094820998762934,1.0714229697882978
screen-bytes.csv,mixed_multiline_tcp,adaptive,31,511530.6666666667,0.9432273309836592,0.9104159113530568,0.9736564811585549
screen-bytes.csv,mixed_multiline_tcp,baseline,31,538095.6666666666,1.0,1.0,1.0
screen-bytes.csv,mixed_multiline_tcp,capped,31,547397.0,1.0109191848899926,0.9617792159828076,1.0580524100644388
screen-bytes.csv,mixed_multiline_tcp,comment,31,566356.8888888889,1.0503390279644462,1.0037674176906697,1.1308883045359466
screen-bytes.csv,mixed_multiline_tcp,core,31,592944.75,1.099995347625428,1.0783126607390248,1.162654489884119
screen-bytes.csv,mixed_multiline_tcp,fused_direct,31,516313.8888888889,0.9587393761777665,0.9046391992709474,0.9744839203310534
screen-bytes.csv,mixed_multiline_tcp,fused_dispatch,31,522039.55555555556,0.9732388072401159,0.9318053783162803,1.0818633766670158
screen-bytes.csv,mixed_multiline_tcp,lazy,31,471223.7,0.8692575324196238,0.8152218807031024,0.9044676070611979
screen-bytes.csv,mixed_multiline_tcp,poll,31,476262.6,0.8786939292379139,0.8380092639870325,0.9117770313529711
screen-bytes.csv,mixed_multiline_tcp,previous_combo,31,500547.8888888889,0.925891655398141,0.894653868769033,0.966945206630214
screen-bytes.csv,mixed_multiline_tcp,reserve,31,510874.44444444444,0.9465672111941974,0.903061708846814,0.9675798111332921
screen-bytes.csv,mixed_multiline_tcp,reuse_copy,31,442729.9090909091,0.8198682343090048,0.7653862922208902,0.8332791351710508
screen-bytes.csv,mixed_multiline_tcp,simd,31,507734.55555555556,0.9446179991245853,0.8991295409661173,0.9807493498731313
screen-bytes.csv,mixed_tcp,adaptive,31,450202.9,0.932889442465111,0.9054620058062823,0.9659289854019482
screen-bytes.csv,mixed_tcp,baseline,31,480161.4,1.0,1.0,1.0
screen-bytes.csv,mixed_tcp,capped,31,487648.6,1.015986497689892,0.9864106255802735,1.107412798196046
screen-bytes.csv,mixed_tcp,comment,31,492758.9,1.0249295681367778,1.0020180573323973,1.1306425689921638
screen-bytes.csv,mixed_tcp,core,31,441164.8181818182,0.9212785287224348,0.8856200122207205,0.9419330217642911
screen-bytes.csv,mixed_tcp,fused_direct,31,321932.06666666665,0.6638013677112149,0.6445876948756276,0.6932820304656068
screen-bytes.csv,mixed_tcp,fused_dispatch,31,428595.36363636365,0.89471398844121,0.8778278389898558,0.9572761829072831
screen-bytes.csv,mixed_tcp,lazy,31,419030.7272727273,0.8749538934700443,0.8214302781632808,0.8932240494572948
screen-bytes.csv,mixed_tcp,poll,31,418832.3333333333,0.8726302116661913,0.8601637090222326,0.9056680031314371
screen-bytes.csv,mixed_tcp,previous_combo,31,277922.0,0.5781606066762891,0.5600463559773409,0.611674015335481
screen-bytes.csv,mixed_tcp,reserve,31,460608.1818181818,0.9600674923837733,0.9314252660878045,1.0303167061673602
screen-bytes.csv,mixed_tcp,reuse_copy,31,382112.6923076923,0.7943991651520977,0.7498388258078531,0.8030645254601136
screen-bytes.csv,mixed_tcp,simd,31,454370.36363636365,0.9453434545739121,0.9230219906354729,0.9734730340277566
screen-bytes.csv,mixed_whole,adaptive,31,401808.5,0.9483708437969872,0.9028173836287422,0.9641866601421011
screen-bytes.csv,mixed_whole,baseline,31,423051.1666666667,1.0,1.0,1.0
screen-bytes.csv,mixed_whole,capped,31,472172.875,1.1077357811014956,1.0548260385126245,1.134380392996989
screen-bytes.csv,mixed_whole,comment,31,440728.0,1.0412259581807075,0.9336717695556146,1.125590295547806
screen-bytes.csv,mixed_whole,core,31,388685.54545454547,0.9150059806681513,0.8363183179865951,0.9296306463159485
screen-bytes.csv,mixed_whole,fused_direct,31,308817.6875,0.7267728437458096,0.6991568412681426,0.744156739974506
screen-bytes.csv,mixed_whole,fused_dispatch,31,368484.76923076925,0.8761181637855003,0.8301212305028548,0.9385553770648976
screen-bytes.csv,mixed_whole,lazy,31,405011.9,0.9555982932693148,0.9165565686577108,0.9759432636190286
screen-bytes.csv,mixed_whole,poll,31,370542.0,0.874085318848658,0.7833658815548188,0.8986978413262323
screen-bytes.csv,mixed_whole,previous_combo,31,267716.72222222225,0.6309748297141411,0.5838318589845577,0.6461796893030658
screen-bytes.csv,mixed_whole,reserve,31,443525.1818181818,1.0528143454712744,0.9975081331060194,1.0879070572813028
screen-bytes.csv,mixed_whole,reuse_copy,31,371750.7272727273,0.8791837060341193,0.8303647832126572,0.8974169777376513
screen-bytes.csv,mixed_whole,simd,31,403614.4,0.956173419372268,0.9017582893348802,0.9749510633152634
screen-bytes.csv,multiline_tcp,adaptive,31,2483625.0,0.8952594094163779,0.8819017244698621,0.9431775849999557
screen-bytes.csv,multiline_tcp,baseline,31,2775097.0,1.0,1.0,1.0
screen-bytes.csv,multiline_tcp,capped,31,2846601.0,1.025566692896028,0.9795075756997654,1.0655014921843036
screen-bytes.csv,multiline_tcp,comment,31,2839138.0,1.0132344466019276,0.9857924424183372,1.048017077529192
screen-bytes.csv,multiline_tcp,core,31,2869047.0,1.01578544881105,0.9895250290828599,1.0505358413962194
screen-bytes.csv,multiline_tcp,fused_direct,31,2820917.0,1.0045535152325709,0.9922880873158737,1.0346227100901424
screen-bytes.csv,multiline_tcp,fused_dispatch,31,2779644.0,1.0036531253440004,0.9808771086898901,1.052220853676907
screen-bytes.csv,multiline_tcp,lazy,31,4089507.0,1.4807614313914736,1.4552976205972632,1.557315596062073
screen-bytes.csv,multiline_tcp,poll,31,2550462.0,0.911787948313158,0.892083264270483,0.9356063934805597
screen-bytes.csv,multiline_tcp,previous_combo,31,2407829.0,0.8651312769709267,0.8500493863122754,0.9022793019388168
screen-bytes.csv,multiline_tcp,reserve,31,2748654.0,0.9903397971314156,0.9696229424051866,1.043119696585043
screen-bytes.csv,multiline_tcp,reuse_copy,31,2865613.0,1.0357079145884784,1.0057145347106058,1.0545892444153013
screen-bytes.csv,multiline_tcp,simd,31,2741101.0,0.9867033405488868,0.9726437169127596,1.0594715262401901
screen-bytes.csv,small_4b,adaptive,31,9639005.0,0.9641553571796184,0.9430786305145326,1.0207830454288043
screen-bytes.csv,small_4b,baseline,31,9992847.0,1.0,1.0,1.0
screen-bytes.csv,small_4b,capped,31,9943824.0,0.993765712058037,0.9651075057575003,1.0437643477916816
screen-bytes.csv,small_4b,comment,31,10087995.0,1.008611909162636,0.9923251204488326,1.0334239835369377
screen-bytes.csv,small_4b,core,31,8844482.0,0.8822370468393343,0.8641285345617005,0.905731021752524
screen-bytes.csv,small_4b,fused_direct,31,9946710.0,0.994696771144812,0.9603954974791484,1.0420756050589555
screen-bytes.csv,small_4b,fused_dispatch,31,9997837.0,0.9969970962089043,0.9672962311714179,1.0180275941323587
screen-bytes.csv,small_4b,lazy,31,10696187.0,1.0687124318304413,1.0313510480206647,1.0965303344449744
screen-bytes.csv,small_4b,poll,31,9316910.0,0.9303191872504422,0.9018724710728273,0.9747767538118797
screen-bytes.csv,small_4b,previous_combo,31,8855059.0,0.8846061960119695,0.8665928327474901,0.9498359214199257
screen-bytes.csv,small_4b,reserve,31,10129905.0,1.0147188165882361,0.9886695895057886,1.024777033673037
screen-bytes.csv,small_4b,reuse_copy,31,10022338.0,1.0046054035489755,0.968851818550115,1.0448145054652642
screen-bytes.csv,small_4b,simd,31,9978984.0,0.999503974080161,0.9760751355673157,1.0424164443074833
screen-bytes.csv,small_event,adaptive,31,3915135.0,0.8549697199988416,0.8397689578114915,0.8768094151550916
screen-bytes.csv,small_event,baseline,31,4581609.0,1.0,1.0,1.0
screen-bytes.csv,small_event,capped,31,4336233.0,0.945624754152562,0.9325033308111287,0.971698628128894
screen-bytes.csv,small_event,comment,31,4277898.0,0.932093862344513,0.9129598322709525,0.9525232221996734
screen-bytes.csv,small_event,core,31,4460476.0,0.9805590132200281,0.9656566879322034,1.017122195640125
screen-bytes.csv,small_event,fused_direct,31,3709488.0,0.8120786095332202,0.7942023772941866,0.8455900018279785
screen-bytes.csv,small_event,fused_dispatch,31,3940414.0,0.8590119531631873,0.8432156868017545,0.8780139622104908
screen-bytes.csv,small_event,lazy,31,4734659.0,1.040825519689164,1.0174774075164015,1.0545307965655368
screen-bytes.csv,small_event,poll,31,4405743.0,0.9639824479006621,0.905203632445235,0.9815215451645438
screen-bytes.csv,small_event,previous_combo,31,3648723.0,0.7951932075313574,0.7525353266959585,0.8147937247573733
screen-bytes.csv,small_event,reserve,31,4300583.0,0.9402893187723242,0.9241985579866199,0.9607254860942632
screen-bytes.csv,small_event,reuse_copy,31,4354842.0,0.9499270427587518,0.9274443247035853,0.9710060501503766
screen-bytes.csv,small_event,simd,31,4254223.0,0.9262714694049282,0.9091716720804304,0.9530339590110026
screen-bytes.csv,small_tcp,adaptive,31,3578628.0,0.8686663274522645,0.8557049055207123,0.934568658696073
screen-bytes.csv,small_tcp,baseline,31,4135470.0,1.0,1.0,1.0
screen-bytes.csv,small_tcp,capped,31,3859814.0,0.9359064386877428,0.9151352474852917,1.0050225977443683
screen-bytes.csv,small_tcp,comment,31,3993742.0,0.9665735855854979,0.9321570104183478,0.9875837121888509
screen-bytes.csv,small_tcp,core,31,3217248.0,0.7808243464934924,0.7635652102061296,0.8057318967330696
screen-bytes.csv,small_tcp,fused_direct,31,3244994.0,0.7836614576542681,0.7706500826510426,0.8027019860493443
screen-bytes.csv,small_tcp,fused_dispatch,31,3420455.0,0.8264444958355077,0.8155382465691797,0.8546522915141292
screen-bytes.csv,small_tcp,lazy,31,4263401.0,1.032645653227122,1.0175422669053324,1.0580557969332736
screen-bytes.csv,small_tcp,poll,31,3414339.0,0.823549696873882,0.809357063809512,0.842850846755066
screen-bytes.csv,small_tcp,previous_combo,31,2748634.0,0.6642457334754115,0.655270155885449,0.6866323368982856
screen-bytes.csv,small_tcp,reserve,31,3807814.0,0.9251300841801291,0.9086187485242936,0.957555896266542
screen-bytes.csv,small_tcp,reuse_copy,31,3879734.0,0.9396276881733451,0.9257711179844449,0.9749385283957033
screen-bytes.csv,small_tcp,simd,31,3801388.0,0.9178051598885376,0.9020900012083969,0.9335613199552351
screen-bytes.csv,small_whole,adaptive,31,3520486.0,0.8619316111566022,0.8482135983936379,0.912601424497803
screen-bytes.csv,small_whole,baseline,31,4095171.0,1.0,1.0,1.0
screen-bytes.csv,small_whole,capped,31,3828704.0,0.9322045819509942,0.9081982811248045,0.9599307512226305
screen-bytes.csv,small_whole,comment,31,3975500.0,0.9739345675225735,0.9533579541025399,1.0263724970163108
screen-bytes.csv,small_whole,core,31,3226115.0,0.7866974524638963,0.77684915903953,0.8248697796222523
screen-bytes.csv,small_whole,fused_direct,31,3200707.0,0.7832494292499355,0.7623304135556007,0.8089181316203764
screen-bytes.csv,small_whole,fused_dispatch,31,3398878.0,0.827611865793016,0.8150336419306832,0.847780617472966
screen-bytes.csv,small_whole,lazy,31,4228031.0,1.0391406009250619,1.0201657827463848,1.0815380503843477
screen-bytes.csv,small_whole,poll,31,3424742.0,0.8400391082993777,0.8168740777739318,0.8840811440051365
screen-bytes.csv,small_whole,previous_combo,31,2748236.0,0.6701871893258488,0.6568616381650298,0.6905214856911223
screen-bytes.csv,small_whole,reserve,31,3802192.0,0.9275314248758757,0.9056096084239821,0.9818383012751439
screen-bytes.csv,small_whole,reuse_copy,31,3855554.0,0.9390311232560498,0.9182508692564376,0.9640034744751566
screen-bytes.csv,small_whole,simd,31,3738738.0,0.920472030219427,0.8973940309406722,0.9554950444761487
screen-borrowed.csv,keep_4b,adaptive,31,3283819.0,1.0030838279050611,0.9662295855660391,1.0685985455607583
screen-borrowed.csv,keep_4b,baseline,31,3242344.0,1.0,1.0,1.0
screen-borrowed.csv,keep_4b,capped,31,4095529.0,1.2428917889921127,1.2062064317161147,1.3305253853385082
screen-borrowed.csv,keep_4b,comment,31,3834218.0,1.184083735358587,1.1435004014401289,1.3305782999425042
screen-borrowed.csv,keep_4b,core,31,4620707.0,1.4294020125520581,1.3519685532767274,1.4738703859668076
screen-borrowed.csv,keep_4b,fused_direct,31,3588065.0,1.1109472612565365,1.0350943370745684,1.1842956826733229
screen-borrowed.csv,keep_4b,fused_dispatch,31,3329875.0,1.0170465930737775,0.9884514594725602,1.0684795773728155
screen-borrowed.csv,keep_4b,lazy,31,3259760.0,0.9946500281025322,0.9453048453349849,1.0398113176417823
screen-borrowed.csv,keep_4b,poll,31,3530404.0,1.0819450630382677,1.052435386599832,1.1471808895182012
screen-borrowed.csv,keep_4b,previous_combo,31,3396470.0,1.044560199121096,0.9673844056882512,1.123959165770019
screen-borrowed.csv,keep_4b,reserve,31,3622974.0,1.1133750856309668,1.0575814650556288,1.183847441706458
screen-borrowed.csv,keep_4b,reuse_copy,31,3348082.0,1.0389584006298958,0.994515955930747,1.0727745142482377
screen-borrowed.csv,keep_4b,simd,31,3513090.0,1.0810629438503359,1.024945547699809,1.1352756506838364
screen-borrowed.csv,large_tcp,adaptive,31,107194.55555555556,0.9664690929780126,0.9233211735934713,1.0259808631450182
screen-borrowed.csv,large_tcp,baseline,31,112412.78787878787,1.0,1.0,1.0
screen-borrowed.csv,large_tcp,capped,31,157075.7,1.4122081828253337,1.3512210310331387,1.479509348535259
screen-borrowed.csv,large_tcp,comment,31,108452.53333333334,0.968005030859751,0.9458090766655889,1.0156978406532258
screen-borrowed.csv,large_tcp,core,31,111088.88372093023,0.9966220361720318,0.9663617039230289,1.0321299038712601
screen-borrowed.csv,large_tcp,fused_direct,31,112328.04651162791,0.9955426795326916,0.9578784725646805,1.0318656160494457
screen-borrowed.csv,large_tcp,fused_dispatch,31,110561.9756097561,0.990083483086586,0.9450831340296248,1.0416661153700613
screen-borrowed.csv,large_tcp,lazy,31,143804.6875,1.2823881589732125,1.2507937593267182,1.3698865661099773
screen-borrowed.csv,large_tcp,poll,31,111789.63636363637,1.0057675605589742,0.9739742312590856,1.0390826313181367
screen-borrowed.csv,large_tcp,previous_combo,31,107555.76666666666,0.9690931689735285,0.9194992511643465,1.004472836191753
screen-borrowed.csv,large_tcp,reserve,31,110565.55,0.9883264662278912,0.9545267124848117,1.0271962231553196
screen-borrowed.csv,large_tcp,reuse_copy,31,140801.0588235294,1.2710136710779456,1.2212869251848555,1.299267386176828
screen-borrowed.csv,large_tcp,simd,31,88610.89285714286,0.7946046060916324,0.7717645823516905,0.8104252152007232
screen-borrowed.csv,large_utf8_tcp,adaptive,31,1002334.4,0.9959183958604136,0.9339864436952766,1.0234535965734408
screen-borrowed.csv,large_utf8_tcp,baseline,31,1002028.5,1.0,1.0,1.0
screen-borrowed.csv,large_utf8_tcp,capped,31,1039676.25,1.0348484082478087,0.9837918086268365,1.0417147040122896
screen-borrowed.csv,large_utf8_tcp,comment,31,1001580.0,0.997552767665098,0.9153110209631976,1.0292735805017075
screen-borrowed.csv,large_utf8_tcp,core,31,1005071.4,1.0005038667009474,0.9614972578127217,1.0153475190129952
screen-borrowed.csv,large_utf8_tcp,fused_direct,31,1004433.8,1.0014455324760634,0.964142950484853,1.0476504572215959
screen-borrowed.csv,large_utf8_tcp,fused_dispatch,31,1002613.75,0.9994719023490325,0.9266845540922513,1.0145540990804156
screen-borrowed.csv,large_utf8_tcp,lazy,31,1034752.5,1.0320025827608696,0.9931259011812535,1.0570170032209063
screen-borrowed.csv,large_utf8_tcp,poll,31,1005552.75,1.0044958584672625,0.9968032915342985,1.0417859637585496
screen-borrowed.csv,large_utf8_tcp,previous_combo,31,1001774.4,0.9978167264725422,0.9325624615910184,1.0131260987289725
screen-borrowed.csv,large_utf8_tcp,reserve,31,1003919.0,1.0009021671050984,0.9637534622908983,1.0111237926511423
screen-borrowed.csv,large_utf8_tcp,reuse_copy,31,1032062.75,1.0277849313242835,0.9766899578408899,1.0445531754979331
screen-borrowed.csv,large_utf8_tcp,simd,31,189065.1923076923,0.188105091817959,0.17590328141774364,0.1992385361382825
screen-borrowed.csv,medium_10b,adaptive,31,902294.4,0.9806157491762224,0.960392265117938,0.9998970671954266
screen-borrowed.csv,medium_10b,baseline,31,919316.2,1.0,1.0,1.0
screen-borrowed.csv,medium_10b,capped,31,894917.2,0.9733148060302337,0.9081489299087707,0.9973984173561241
screen-borrowed.csv,medium_10b,comment,31,910703.0,0.9927127695620622,0.8686651733358699,1.006031726182053
screen-borrowed.csv,medium_10b,core,31,1019150.25,1.1113591140931414,1.0336728636229868,1.1582110228370381
screen-borrowed.csv,medium_10b,fused_direct,31,971370.6,1.0502837603465998,0.9876313103347284,1.0836232913541939
screen-borrowed.csv,medium_10b,fused_dispatch,31,922392.8,1.0001385851181914,0.9623796597962601,1.0808793390594924
screen-borrowed.csv,medium_10b,lazy,31,866176.6,0.9308353885278948,0.8797159726333794,0.9637340965618832
screen-borrowed.csv,medium_10b,poll,31,961788.0,1.0438335137650196,0.9740939488345189,1.0659371365432542
screen-borrowed.csv,medium_10b,previous_combo,31,959860.0,1.040535669858791,1.0073080944553816,1.0669886497150132
screen-borrowed.csv,medium_10b,reserve,31,980110.0,1.0647946408104354,1.0104557928996927,1.1097359102341502
screen-borrowed.csv,medium_10b,reuse_copy,31,819313.1666666666,0.8877054406404332,0.8174493899798259,0.9200113200954687
screen-borrowed.csv,medium_10b,simd,31,996996.4,1.0790228514370392,1.0053757926816882,1.152027158986251
screen-borrowed.csv,mixed_multiline_tcp,adaptive,31,494597.3,0.979485661265673,0.936768149970157,1.0085873628970297
screen-borrowed.csv,mixed_multiline_tcp,baseline,31,499788.55555555556,1.0,1.0,1.0
screen-borrowed.csv,mixed_multiline_tcp,capped,31,495542.7,0.9894328056370437,0.8836099751707895,1.0311410847850444
screen-borrowed.csv,mixed_multiline_tcp,comment,31,529406.8888888889,1.0621953622390548,1.0312078694976157,1.113616083668924
screen-borrowed.csv,mixed_multiline_tcp,core,31,566284.25,1.1338067242658396,1.0632865284499844,1.1692172459038062
screen-borrowed.csv,mixed_multiline_tcp,fused_direct,31,486780.6,0.9636511746796617,0.9065925433864377,1.007919334150718
screen-borrowed.csv,mixed_multiline_tcp,fused_dispatch,31,485149.7,0.9772960860094224,0.9222259196153668,0.9972186662414393
screen-borrowed.csv,mixed_multiline_tcp,lazy,31,434437.0909090909,0.8692655496068339,0.8020088341261612,0.9145593950592227
screen-borrowed.csv,mixed_multiline_tcp,poll,31,471094.1,0.9459220516029592,0.8945307555939264,1.0330428271981638
screen-borrowed.csv,mixed_multiline_tcp,previous_combo,31,494372.0,0.9898888318026243,0.9604020101990092,1.0686927676418525
screen-borrowed.csv,mixed_multiline_tcp,reserve,31,492635.1,0.9833378935262619,0.9372131000255614,1.0060288579672267
screen-borrowed.csv,mixed_multiline_tcp,reuse_copy,31,399634.6666666667,0.8017602546968654,0.779643500775581,0.8187439186947059
screen-borrowed.csv,mixed_multiline_tcp,simd,31,475250.3,0.9570785437488399,0.8954780579158452,1.0097436129956896
screen-borrowed.csv,multiline_tcp,adaptive,31,2328076.0,0.9226044985251322,0.8999693320912832,0.9440054943100421
screen-borrowed.csv,multiline_tcp,baseline,31,2517345.0,1.0,1.0,1.0
screen-borrowed.csv,multiline_tcp,capped,31,2624054.0,1.0395136620934091,1.0077743058644635,1.0488295082285297
screen-borrowed.csv,multiline_tcp,comment,31,2631782.0,1.0481532604847468,1.0092107230342828,1.0602478260447759
screen-borrowed.csv,multiline_tcp,core,31,2774635.0,1.0985673014009416,1.0567682157794058,1.1282552599681634
screen-borrowed.csv,multiline_tcp,fused_direct,31,2590545.0,1.0290612544535456,0.9916974304125985,1.0499038833998442
screen-borrowed.csv,multiline_tcp,fused_dispatch,31,2565416.0,1.0183488537684624,0.9851084302247575,1.0299688228214385
screen-borrowed.csv,multiline_tcp,lazy,31,4354582.0,1.7348519393084212,1.666927343890761,1.7661741663723358
screen-borrowed.csv,multiline_tcp,poll,31,2434793.0,0.9703394868398479,0.9570732306700481,1.0198831940617956
screen-borrowed.csv,multiline_tcp,previous_combo,31,2319868.0,0.9225013265880156,0.8788249590775093,0.9386755649120108
screen-borrowed.csv,multiline_tcp,reserve,31,2560877.0,1.0179657501062274,0.9838376287572979,1.0393775927633095
screen-borrowed.csv,multiline_tcp,reuse_copy,31,2684610.0,1.0661840304532333,1.0313460847968667,1.0903871243162586
screen-borrowed.csv,multiline_tcp,simd,31,2546706.0,1.0132693877583718,0.9805446263330839,1.0263647646392124
screen-borrowed.csv,small_4b,adaptive,31,5314306.0,1.0013986335886877,0.9533337410294012,1.0169110569793318
screen-borrowed.csv,small_4b,baseline,31,5415391.0,1.0,1.0,1.0
screen-borrowed.csv,small_4b,capped,31,5366273.0,1.0146128607092344,0.973802999635668,1.040739759306664
screen-borrowed.csv,small_4b,comment,31,5479786.0,1.0316548913228543,0.9836941544395825,1.1258205670694257
screen-borrowed.csv,small_4b,core,31,5809923.0,1.0916223055212864,1.058161110990025,1.2379139382548738
screen-borrowed.csv,small_4b,fused_direct,31,5619217.0,1.0591944765596488,0.9738777934335262,1.0887192194328839
screen-borrowed.csv,small_4b,fused_dispatch,31,5330751.0,1.0102108783737538,0.9639262253490989,1.053768056708104
screen-borrowed.csv,small_4b,lazy,31,5969577.0,1.1208212994052644,0.9629969422979776,1.2284741821296514
screen-borrowed.csv,small_4b,poll,31,5523075.0,1.024304486790994,0.9767259380533047,1.1233886303049594
screen-borrowed.csv,small_4b,previous_combo,31,5403231.0,1.0183150243284038,0.9832284483783285,1.1407468797887874
screen-borrowed.csv,small_4b,reserve,31,5746041.0,1.0716673727997534,1.0210171158978372,1.1948743867247997
screen-borrowed.csv,small_4b,reuse_copy,31,5189879.0,0.9861593904006035,0.9254756957567503,1.1022918997271915
screen-borrowed.csv,small_4b,simd,31,5660388.0,1.058969025608839,1.0100141115115149,1.0985244264470497
screen-borrowed.csv,small_tcp,adaptive,31,3226237.0,0.9184715024352534,0.9026378639113479,0.9327935085412721
screen-borrowed.csv,small_tcp,baseline,31,3514036.0,1.0,1.0,1.0
screen-borrowed.csv,small_tcp,capped,31,3509483.0,0.9987544873622042,0.986484771472945,1.0155291787730658
screen-borrowed.csv,small_tcp,comment,31,3560334.0,1.0143869786145066,0.9933403985403796,1.025037060538595
screen-borrowed.csv,small_tcp,core,31,3281149.0,0.9363167998213471,0.9195924663830659,0.9486591696619
screen-borrowed.csv,small_tcp,fused_direct,31,2835543.0,0.8082750110584473,0.7955256533844467,0.8249605297156888
screen-borrowed.csv,small_tcp,fused_dispatch,31,3010422.0,0.8572287713988839,0.8425472142817954,0.8684730867182759
screen-borrowed.csv,small_tcp,lazy,31,3959716.0,1.124890581655965,1.1084307191251714,1.1412690107506944
screen-borrowed.csv,small_tcp,poll,31,3305675.0,0.9432528513279559,0.9234604265010946,0.9565538337244132
screen-borrowed.csv,small_tcp,previous_combo,31,2729876.0,0.7786728162083048,0.7611482909024525,0.7927324780451037
screen-borrowed.csv,small_tcp,reserve,31,3521430.0,1.0019906636643041,0.9826382725181952,1.02258439999643
screen-borrowed.csv,small_tcp,reuse_copy,31,3507550.0,0.9943529451702151,0.9783711984822208,1.0115200405870712
screen-borrowed.csv,small_tcp,simd,31,3471410.0,0.9855748650302886,0.966667543974102,1.0044019385653604
candidates.csv,keep_4b,adaptive_copy,31,9910655.0,1.0160850191695792,1.0084265923588986,1.051403230052259
candidates.csv,keep_4b,baseline,31,9738749.0,1.0,1.0,1.0
candidates.csv,keep_4b,combo,31,9204334.0,0.9431131513805712,0.9278992602646923,0.9550080961491269
candidates.csv,keep_4b,combo_capacity,31,9214420.0,0.9458662924447014,0.938494390513336,1.0088975632717494
candidates.csv,keep_4b,combo_simd,31,9174036.0,0.9411842956082106,0.9274606235329171,0.9507009409751571
candidates.csv,keep_4b,core,31,8950610.0,0.9196471754269107,0.9116595432386034,0.9474023953683244
candidates.csv,keep_4b,early_comment,31,10008023.0,1.026594658987167,1.002792343578033,1.0373675264972821
candidates.csv,keep_4b,previous_combo,31,9187113.0,0.9425895251827651,0.9269325022549953,1.0156282306389526
candidates.csv,keep_event,adaptive_copy,31,3257259.0,1.0018241052651113,0.9853211529939976,1.0159474045352255
candidates.csv,keep_event,baseline,31,3246157.0,1.0,1.0,1.0
candidates.csv,keep_event,combo,31,3015856.0,0.9303251316250881,0.9114615324005328,0.9441051424571958
candidates.csv,keep_event,combo_capacity,31,3015203.0,0.9275570932108725,0.9147290521629199,0.9423256554935252
candidates.csv,keep_event,combo_simd,31,3048603.0,0.9381602211473711,0.9228457385942948,0.9522894181863293
candidates.csv,keep_event,core,31,3020204.0,0.929500670104997,0.9130877655210277,0.9404562062425942
candidates.csv,keep_event,early_comment,31,3216110.0,0.990482027338956,0.9769838068641633,1.0001099715375075
candidates.csv,keep_event,previous_combo,31,3051480.0,0.9386156503417694,0.9255637490156958,0.9533240932955069
candidates.csv,keep_tcp,adaptive_copy,31,983008.0,0.967454895397655,0.9360513445004734,0.9940032650662003
candidates.csv,keep_tcp,baseline,31,1016608.0,1.0,1.0,1.0
candidates.csv,keep_tcp,combo,31,906381.8,0.8938539007663826,0.866999969131275,0.9929741398666738
candidates.csv,keep_tcp,combo_capacity,31,903371.0,0.8899231074341163,0.8526706478181152,0.9554463762013452
candidates.csv,keep_tcp,combo_simd,31,901526.4,0.8917226628616842,0.8610186152768602,0.9177241450857385
candidates.csv,keep_tcp,core,31,1078149.0,1.059504693172871,1.0249950379329178,1.1279331260056573
candidates.csv,keep_tcp,early_comment,31,927347.6,0.9121978186282225,0.8744152167826362,0.9321106251337501
candidates.csv,keep_tcp,previous_combo,31,1075285.25,1.057931432494295,1.0216559659075273,1.0923129004667045
candidates.csv,keep_whole,adaptive_copy,31,950357.0,0.9963205298504443,0.951616261874696,1.010169257729023
candidates.csv,keep_whole,baseline,31,953164.6,1.0,1.0,1.0
candidates.csv,keep_whole,combo,31,938715.8,0.9523057479130985,0.892305011943977,1.0338557084942908
candidates.csv,keep_whole,combo_capacity,31,870555.8,0.9153589116421452,0.8646562139385162,0.925281887245102
candidates.csv,keep_whole,combo_simd,31,869545.2,0.913427356250506,0.8830653085419102,0.9193214268561565
candidates.csv,keep_whole,core,31,1079245.75,1.1186359527389034,1.0390213955162035,1.1741108623542869
candidates.csv,keep_whole,early_comment,31,870984.4,0.9133574623625088,0.8518474729572911,0.9364667525189792
candidates.csv,keep_whole,previous_combo,31,1065922.25,1.108455393808232,0.9583058383098061,1.1420245176046324
candidates.csv,large_event,adaptive_copy,31,87473.32142857143,0.9988372667018225,0.9910640765588227,1.0311586686446963
candidates.csv,large_event,baseline,31,87553.16666666667,1.0,1.0,1.0
candidates.csv,large_event,combo,31,85774.68965517242,0.9788453819192526,0.9723179585263825,0.9874667367406877
candidates.csv,large_event,combo_capacity,31,85731.1724137931,0.9790398209768248,0.9701463086292439,1.0135632544595852
candidates.csv,large_event,combo_simd,31,71637.65714285715,0.8175046342176675,0.7893319115742202,0.8197910846999642
candidates.csv,large_event,core,31,90963.53703703704,1.0385022748173633,1.0317386780790772,1.0848904955165988
candidates.csv,large_event,early_comment,31,87582.52727272727,0.9997186165642078,0.9928936924236776,1.0257979982052152
candidates.csv,large_event,previous_combo,31,85997.22807017544,0.9806804049690393,0.9706834724730227,1.003164411548257
candidates.csv,large_tcp,adaptive_copy,31,144878.57142857142,1.0066208781255337,0.9291616479686141,1.0908781446398363
candidates.csv,large_tcp,baseline,31,144353.03125,1.0,1.0,1.0
candidates.csv,large_tcp,combo,31,130646.225,0.906945421377971,0.8593162374576485,1.0363761712275943
candidates.csv,large_tcp,combo_capacity,31,131450.5128205128,0.9098631033545929,0.8532267371093136,0.9404685218886237
candidates.csv,large_tcp,combo_simd,31,107339.89583333333,0.742561438564341,0.6852340006243821,0.7829228177822919
candidates.csv,large_tcp,core,31,127484.525,0.8894940906844021,0.8431933329979767,0.9403324430571278
candidates.csv,large_tcp,early_comment,31,145108.05555555556,1.0047287143974941,0.8696440487870453,1.1547607113317726
candidates.csv,large_tcp,previous_combo,31,131276.4358974359,0.9027643175740062,0.8462176147024788,0.9716314073980697
candidates.csv,large_utf8_tcp,adaptive_copy,31,1031691.25,1.0032398619823641,0.9950638389139815,1.0120582028565497
candidates.csv,large_utf8_tcp,baseline,31,1029963.25,1.0,1.0,1.0
candidates.csv,large_utf8_tcp,combo,31,1013794.5,0.9870069264893697,0.9804900047279033,1.0000793793401557
candidates.csv,large_utf8_tcp,combo_capacity,31,1014877.5,0.9860130844160038,0.9797821065995681,0.9967008098455679
candidates.csv,large_utf8_tcp,combo_simd,31,202777.54166666666,0.19690566164434486,0.19548322491957815,0.19806945124118835
candidates.csv,large_utf8_tcp,core,31,1013324.75,0.9834275122682208,0.9747149494772023,0.994128025280712
candidates.csv,large_utf8_tcp,early_comment,31,1027077.5,0.9988800904097226,0.9907439328832386,1.0157030986923892
candidates.csv,large_utf8_tcp,previous_combo,31,1014223.75,0.9861410890113788,0.9794290835455499,1.001789189857858
candidates.csv,medium_10b,adaptive_copy,31,1751113.0,1.0005727931813602,0.9711747180367711,1.0069888278073609
candidates.csv,medium_10b,baseline,31,1749981.5,1.0,1.0,1.0
candidates.csv,medium_10b,combo,31,1623962.6666666667,0.9270732067294055,0.9211649841463597,0.9303710436468975
candidates.csv,medium_10b,combo_capacity,31,1626336.6666666667,0.9292554965541954,0.9229989235068675,0.9340761805073946
candidates.csv,medium_10b,combo_simd,31,1615592.3333333333,0.9224958473370528,0.8971187859682652,0.9326698791094981
candidates.csv,medium_10b,core,31,1732879.5,0.9857227062114656,0.9601249633530223,1.0150313768268802
candidates.csv,medium_10b,early_comment,31,1772884.5,1.0126865710143582,0.9864305367300045,1.0218186110569136
candidates.csv,medium_10b,previous_combo,31,1625710.0,0.9282256115437144,0.9220831528082598,0.9342690355950276
candidates.csv,metadata_tcp,adaptive_copy,31,4116607.0,1.0024891007447572,0.979168283478056,1.032022608758856
candidates.csv,metadata_tcp,baseline,31,4105097.0,1.0,1.0,1.0
candidates.csv,metadata_tcp,combo,31,3854477.0,0.939291184408179,0.9200157417547409,0.9572794178597228
candidates.csv,metadata_tcp,combo_capacity,31,3936375.0,0.962668380711805,0.944388566355487,0.9852938089076918
candidates.csv,metadata_tcp,combo_simd,31,4058868.0,0.9885809331998416,0.9667238658607042,1.0027403412981695
candidates.csv,metadata_tcp,core,31,4409222.0,1.0730904283143867,1.0528851137609008,1.089376038568438
candidates.csv,metadata_tcp,early_comment,31,4197581.0,1.0210322009189539,1.005170193961571,1.0397110896686246
candidates.csv,metadata_tcp,previous_combo,31,3883394.0,0.9477021913901498,0.9176176643769353,0.9611182976934508
candidates.csv,mixed_multiline_tcp,adaptive_copy,31,453403.55555555556,0.8553663347265077,0.7625966430466034,0.9343717356231801
candidates.csv,mixed_multiline_tcp,baseline,31,532209.875,1.0,1.0,1.0
candidates.csv,mixed_multiline_tcp,combo,31,500255.0,0.9460986821653198,0.8698794221969907,0.9981326547203923
candidates.csv,mixed_multiline_tcp,combo_capacity,31,435285.44444444444,0.817589405151466,0.787120644342169,0.8564844268201991
candidates.csv,mixed_multiline_tcp,combo_simd,31,433286.0,0.820366012930844,0.7709389283018394,0.8646611984291755
candidates.csv,mixed_multiline_tcp,core,31,587025.1428571428,1.0897537564190045,1.0284378963346636,1.1754052391730845
candidates.csv,mixed_multiline_tcp,early_comment,31,533115.7777777778,1.0040825712319839,0.9699687639359299,1.0883639881646199
candidates.csv,mixed_multiline_tcp,previous_combo,31,513188.9,0.957454223369889,0.8841591858024124,0.9968108466135647
candidates.csv,mixed_tcp,adaptive_copy,31,384217.6666666667,0.8208562358908739,0.7940520676321012,0.8639402441443254
candidates.csv,mixed_tcp,baseline,31,468974.5,1.0,1.0,1.0
candidates.csv,mixed_tcp,combo,31,282735.64705882355,0.6031697258503513,0.5842932525723155,0.6241495956747932
candidates.csv,mixed_tcp,combo_capacity,31,282487.5294117647,0.6013894437824354,0.5832036268709038,0.6570474190012751
candidates.csv,mixed_tcp,combo_simd,31,280374.70588235295,0.596513015629061,0.5755199798390074,0.6269039294931888
candidates.csv,mixed_tcp,core,31,432453.0,0.9221247637131657,0.8867563868985708,0.974405603337545
candidates.csv,mixed_tcp,early_comment,31,465356.9,0.9922861477543022,0.971874333597947,1.0502401575383857
candidates.csv,mixed_tcp,previous_combo,31,275808.82352941175,0.5889144313132807,0.5747410722340773,0.6343214688762928
candidates.csv,mixed_whole,adaptive_copy,31,376959.23076923075,0.9133567557189726,0.823863080828408,0.9249609043613664
candidates.csv,mixed_whole,baseline,31,414220.9166666667,1.0,1.0,1.0
candidates.csv,mixed_whole,combo,31,274511.22222222225,0.6616799200670562,0.6210153122094776,0.6773147472403194
candidates.csv,mixed_whole,combo_capacity,31,275274.05555555556,0.6642783121133062,0.6079906033507954,0.6786535801630255
candidates.csv,mixed_whole,combo_simd,31,272933.77777777775,0.6580310849343337,0.5997484633404037,0.6747507430007682
candidates.csv,mixed_whole,core,31,384670.23076923075,0.9154220340300712,0.8973467222856752,0.9501072163754264
candidates.csv,mixed_whole,early_comment,31,414735.5833333333,1.0022748098722873,0.984202377768437,1.0140056438974805
candidates.csv,mixed_whole,previous_combo,31,269056.8823529412,0.650745682563384,0.5939209581617078,0.6570581026565925
candidates.csv,multiline_tcp,adaptive_copy,31,2872043.0,1.0208924696278951,0.9672015959484263,1.0710695015887373
candidates.csv,multiline_tcp,baseline,31,2816722.0,1.0,1.0,1.0
candidates.csv,multiline_tcp,combo,31,2618150.0,0.9314488842923748,0.8797814074607644,0.9761876512982578
candidates.csv,multiline_tcp,combo_capacity,31,2611345.0,0.9441114643084093,0.9018333419115756,1.029654070132205
candidates.csv,multiline_tcp,combo_simd,31,2601222.0,0.9348768546143975,0.8908988763273731,1.0003239720390849
candidates.csv,multiline_tcp,core,31,2848347.0,1.0093843261691822,0.96651028372969,1.079448869057858
candidates.csv,multiline_tcp,early_comment,31,2899871.0,1.0379581252211676,0.9928945325442807,1.0968620951412307
candidates.csv,multiline_tcp,previous_combo,31,2577488.0,0.9212601090999886,0.8721289653893416,0.98134888160223
candidates.csv,small_4b,adaptive_copy,31,9917044.0,0.9983974537320409,0.9871112757620744,1.004436559302351
candidates.csv,small_4b,baseline,31,9947740.0,1.0,1.0,1.0
candidates.csv,small_4b,combo,31,8871152.0,0.8930938448363173,0.8825227238282745,0.9108689605574467
candidates.csv,small_4b,combo_capacity,31,9310336.0,0.9382216498394781,0.9276187697740838,0.9778591157933096
candidates.csv,small_4b,combo_simd,31,9298513.0,0.9353945930488305,0.9033743675896961,0.9442451817952741
candidates.csv,small_4b,core,31,8832738.0,0.8876765816440289,0.878984342602154,0.9266790907503758
candidates.csv,small_4b,early_comment,31,10044214.0,1.011519637907049,0.9982231071379333,1.0494120701450593
candidates.csv,small_4b,previous_combo,31,8873920.0,0.8901662922664777,0.8819873994121235,0.9098110726657513
candidates.csv,small_event,adaptive_copy,31,4352466.0,1.0195313677965079,1.0055316191709465,1.029587965559331
candidates.csv,small_event,baseline,31,4253701.0,1.0,1.0,1.0
candidates.csv,small_event,combo,31,3668606.0,0.8620478724279584,0.8337785642967056,0.8738862966644616
candidates.csv,small_event,combo_capacity,31,3718845.0,0.8719337690106969,0.8448492542571502,0.8835680841920854
candidates.csv,small_event,combo_simd,31,3678492.0,0.8633418778561058,0.835831387824614,0.8752805966764718
candidates.csv,small_event,core,31,4400442.0,1.0345235831103314,1.0215812387918406,1.0513036637975675
candidates.csv,small_event,early_comment,31,4313858.0,1.0121236165978107,0.9856184082431085,1.0219439415946918
candidates.csv,small_event,previous_combo,31,3625025.0,0.8504006047005446,0.8229876077635382,0.8605805676490427
candidates.csv,small_tcp,adaptive_copy,31,3896599.0,1.0149534400381601,0.9897945033821133,1.0413226633750918
candidates.csv,small_tcp,baseline,31,3838285.0,1.0,1.0,1.0
candidates.csv,small_tcp,combo,31,2758891.0,0.7191330628921395,0.7064626308987432,0.7307184788052881
candidates.csv,small_tcp,combo_capacity,31,2781953.0,0.724895708068768,0.7070027619213609,0.73432238560484
candidates.csv,small_tcp,combo_simd,31,2763379.0,0.7225444952982221,0.7092498782294641,0.7557473881863279
candidates.csv,small_tcp,core,31,3267464.0,0.8510444656777942,0.8402250960803885,0.8641867011225235
candidates.csv,small_tcp,early_comment,31,3809682.0,0.9946288609034513,0.9760716598371344,1.004564142907865
candidates.csv,small_tcp,previous_combo,31,2773901.0,0.723444449313004,0.7031621148831843,0.7513332513589333
candidates.csv,small_whole,adaptive_copy,31,3827683.0,1.0238247292451763,1.0094842974299318,1.0344857335844388
candidates.csv,small_whole,baseline,31,3744815.0,1.0,1.0,1.0
candidates.csv,small_whole,combo,31,2719093.0,0.725523388888516,0.719780279326818,0.7321335368990507
candidates.csv,small_whole,combo_capacity,31,2742462.0,0.7321320168774652,0.7263216241841822,0.7421426692640357
candidates.csv,small_whole,combo_simd,31,2734488.0,0.7306270323241622,0.7214200296761619,0.7379095007311016
candidates.csv,small_whole,core,31,3197593.0,0.8529930662299219,0.8416550638690465,0.8659601423590553
candidates.csv,small_whole,early_comment,31,3752627.0,1.0036689242252368,0.9889699991922809,1.0122370886803254
candidates.csv,small_whole,previous_combo,31,2745879.0,0.7338655976737296,0.7260659508609066,0.7424654219602983
