run,scenario,implementation,mean_ns,mean_ci95_low,mean_ci95_high,median_ns
1,keepalive_4b_chunks,sse_core,9357612.9875,9090684.578125,9693608.000937501,8993686.75
1,keepalive_4b_chunks,sse_baseline,9923897.2875,9822601.501249999,10055987.547812501,9822555.25
1,keepalive_4b_chunks,sse_stream,9759020.275,9446049.167187499,10116760.657499999,9369663.25
1,keepalive_line_chunks,sse_core,3224352.7464285716,3093459.2808035715,3385267.5568750007,3036326.3571428573
1,keepalive_line_chunks,sse_baseline,3442076.616666666,3296699.3677083342,3616482.97625,3215524.6666666665
1,keepalive_line_chunks,sse_stream,3534852.6392857144,3353180.951607144,3734071.8689285708,3247849.6428571427
1,keepalive_tcp_chunks,sse_core,1185479.903371502,1140197.3214132502,1241098.94810676,1122455.6176470588
1,keepalive_tcp_chunks,sse_baseline,1061452.0846459547,1015128.161028927,1122258.8776415535,1004614.375
1,keepalive_tcp_chunks,sse_stream,949846.886172471,932729.3123059241,971096.6502450781,927751.9166666667
1,keepalive_whole_stream_chunk,sse_core,1105541.903721345,1084592.4585162525,1130030.0376077536,1074574.8309523808
1,keepalive_whole_stream_chunk,sse_baseline,1014101.9114818303,973788.2053157121,1065182.8964128445,956818.582051282
1,keepalive_whole_stream_chunk,sse_stream,1077418.7515636738,1036842.697025741,1126762.572043285,1040768.4459770115
1,large_data_event_chunks,sse_core,91743.17408853261,90585.59611760262,93698.561961969,90282.33887096774
1,large_data_event_chunks,sse_baseline,96964.63094738813,93706.7453080963,100650.68019022005,95283.89031620554
1,large_data_event_chunks,sse_stream,78463.92472299744,76020.89345632838,81327.95861500414,75044.19056735121
1,large_data_tcp_chunks,sse_core,127905.21759141477,124504.07776178287,132070.5677949003,123323.17003367003
1,large_data_tcp_chunks,sse_baseline,151673.6597086891,142919.88573402472,161467.96993290185,134675.4553884712
1,large_data_tcp_chunks,sse_stream,118444.89021006638,112452.04950186113,125012.21990349893,106881.49594907407
1,large_utf8_tcp,sse_core,1059197.8102768315,1029392.8995930806,1095240.7419054837,1013033.1866515838
1,large_utf8_tcp,sse_baseline,1047956.0670411506,1030218.4791966658,1070098.7495760298,1024232.4196428572
1,large_utf8_tcp,sse_stream,221202.13023357117,216071.94272140178,226874.14648385652,214513.55225225227
1,medium_data_10b_chunks,sse_core,1762985.9549999996,1719904.1409999996,1817126.5409374996,1700720.2999999998
1,medium_data_10b_chunks,sse_baseline,1889032.1290733474,1828222.4548295748,1957791.728576235,1783409.763888889
1,medium_data_10b_chunks,sse_stream,1649334.5754656545,1625280.1959871943,1680162.9555744126,1623740.3993055555
1,metadata_events_tcp_chunks,sse_core,4712898.8375,4614775.0996875,4847790.0678125,4627187.75
1,metadata_events_tcp_chunks,sse_baseline,4630900.3149999995,4447181.869375002,4851195.120999998,4395168.800000001
1,metadata_events_tcp_chunks,sse_stream,4410453.600000001,4226854.2754999995,4632672.733,4152354.5999999996
1,mixed_multiline_tcp,sse_core,618888.0463990511,598132.7204744044,647310.7193796606,594939.75
1,mixed_multiline_tcp,sse_baseline,615135.3893520788,598774.614783741,638455.7018845406,599615.380952381
1,mixed_multiline_tcp,sse_stream,489667.7817682255,465399.709191678,518482.68178795173,468678.4697197197
1,mixed_tcp,sse_core,540050.5373030377,520148.557319247,564974.9331834124,512191.05592105264
1,mixed_tcp,sse_baseline,597491.6607063669,580942.49314992,616860.0002867247,579478.925
1,mixed_tcp,sse_stream,296032.42116090155,286550.2080473692,308066.1309181231,282350.17500000005
1,mixed_whole,sse_core,537457.634074772,515402.43652402767,565266.6353665701,503504.6439393939
1,mixed_whole,sse_baseline,591217.8917288735,565796.4632223216,621100.7790774691,549197.7485632184
1,mixed_whole,sse_stream,306648.49752046715,294831.75340372155,320785.0816542548,293952.7986111111
1,multiline_data_tcp_chunks,sse_core,2888520.771875,2769824.904296875,3037589.124609375,2731141.6875
1,multiline_data_tcp_chunks,sse_baseline,2797404.779166667,2778476.412291667,2823446.62125,2773466.5
1,multiline_data_tcp_chunks,sse_stream,2872565.3083333336,2809920.5140624996,2941989.7755208327,2882946.75
1,small_data_4b_chunks,sse_core,9845400.066666666,9435476.987499999,10320976.438958334,9425404.0
1,small_data_4b_chunks,sse_baseline,10494707.6375,10313985.556875,10686392.3509375,10347509.0
1,small_data_4b_chunks,sse_stream,10133492.799999999,9826422.766041666,10502140.663750002,9938346.0
1,small_data_event_chunks,sse_core,4635415.844999999,4502051.026000001,4811633.45725,4493076.1
1,small_data_event_chunks,sse_baseline,4547817.615,4375847.85425,4756141.5015,4310531.9
1,small_data_event_chunks,sse_stream,4064932.179166666,3919379.9723958336,4232782.9834375,3929312.25
1,small_data_tcp_chunks,sse_core,3521443.108333333,3375254.8301041657,3699363.381458334,3305875.166666667
1,small_data_tcp_chunks,sse_baseline,4102992.9300000006,3944784.0385,4291798.449624999,3870773.2
1,small_data_tcp_chunks,sse_stream,3008173.45,2896523.593203125,3144069.62109375,2850541.375
1,small_data_whole_stream_chunk,sse_core,3535398.7285714285,3402104.989375,3697562.473303572,3352782.6428571427
1,small_data_whole_stream_chunk,sse_baseline,4060742.8916666666,3942361.764791667,4205301.6248958325,3938644.0
1,small_data_whole_stream_chunk,sse_stream,2993889.675,2890452.7775781252,3117716.81828125,2845719.3125
2,keepalive_4b_chunks,sse_core,9314438.475,9132578.3390625,9524008.780625,8986366.5
2,keepalive_4b_chunks,sse_baseline,10029700.575,9895152.8021875,10182479.08375,9800164.0
2,keepalive_4b_chunks,sse_stream,9249312.225000001,9028982.118125001,9531980.267708331,9064736.666666668
2,keepalive_line_chunks,sse_core,3239146.7785714283,3096070.9714285717,3413000.722589286,3006825.0714285714
2,keepalive_line_chunks,sse_baseline,3390500.4321428565,3265315.9475892857,3548446.904017856,3205673.3571428573
2,keepalive_line_chunks,sse_stream,3200760.099999999,3074804.5649999995,3357521.424553571,3009493.8571428573
2,keepalive_tcp_chunks,sse_core,1236100.2741945891,1171065.0211172937,1310844.5134379924,1129999.4821428573
2,keepalive_tcp_chunks,sse_baseline,1055327.8201455588,1012033.0893146838,1112444.4598195134,1001187.05
2,keepalive_tcp_chunks,sse_stream,964178.7088293092,932956.7111265477,1005180.675347883,928391.9422077922
2,keepalive_whole_stream_chunk,sse_core,1110133.89037402,1077894.3582868343,1149485.6835778481,1067670.1325604839
2,keepalive_whole_stream_chunk,sse_baseline,1220504.9789657241,1100226.8155194812,1351828.3956597166,962879.5753968253
2,keepalive_whole_stream_chunk,sse_stream,1050366.3654345009,1006410.3016510264,1105777.6790907132,1016838.9
2,large_data_event_chunks,sse_core,100681.4579659756,95452.00504984683,106673.76470682005,90145.16058310376
2,large_data_event_chunks,sse_baseline,94718.45183146084,90237.05833540595,100095.10461054444,87853.42213192213
2,large_data_event_chunks,sse_stream,75582.41373596317,74030.36798826308,77373.37292673568,72563.40324675324
2,large_data_tcp_chunks,sse_core,122057.88735184493,121627.61894983292,122512.84522553813,121628.00530503978
2,large_data_tcp_chunks,sse_baseline,142396.0596921273,137626.35716974974,147894.0181397494,133542.1795131846
2,large_data_tcp_chunks,sse_stream,108093.17716669272,106422.04876498578,109975.65179872929,105444.60635964913
2,large_utf8_tcp,sse_core,1020338.5022375195,1012358.076331037,1034622.2953436705,1012572.2045019157
2,large_utf8_tcp,sse_baseline,1122405.963947337,1080360.3047344724,1170450.3068072556,1039708.2198340874
2,large_utf8_tcp,sse_stream,206875.25548652245,203510.6540688313,211057.91915936262,202855.82757575758
2,medium_data_10b_chunks,sse_core,1708469.4840909094,1693085.799943182,1728761.643181818,1687795.3636363638
2,medium_data_10b_chunks,sse_baseline,1782108.040432046,1754362.3680821578,1819941.4967845818,1746879.5913312694
2,medium_data_10b_chunks,sse_stream,1637080.7389285003,1616596.2443943874,1662611.2892583269,1623235.5
2,metadata_events_tcp_chunks,sse_core,4935371.255000002,4703588.891500001,5220870.23475,4544337.9
2,metadata_events_tcp_chunks,sse_baseline,4593894.705,4399524.288875001,4837428.170875001,4337349.7
2,metadata_events_tcp_chunks,sse_stream,4093788.6450000005,4040610.777000001,4165593.855875001,4032384.0999999996
2,mixed_multiline_tcp,sse_core,632643.1627358778,610264.9345260519,660720.7049392639,600841.0671182266
2,mixed_multiline_tcp,sse_baseline,697453.1408072773,669522.1965406603,728491.2632366454,657832.0087440382
2,mixed_multiline_tcp,sse_stream,498558.5177393419,479392.7031141202,522733.94489860843,473805.6160714286
2,mixed_tcp,sse_core,515635.80018179276,505601.8806464328,528372.5117417289,503472.696969697
2,mixed_tcp,sse_baseline,611533.4278053313,603617.3168690082,619837.5325301775,599783.682967033
2,mixed_tcp,sse_stream,340892.6338173583,328512.2334908472,354274.57681838376,353471.5807291666
2,mixed_whole,sse_core,568704.5873272192,533896.2583865483,607199.7849558904,498154.08186070685
2,mixed_whole,sse_baseline,623001.7372843429,608301.9277041506,640784.4147015946,623764.25
2,mixed_whole,sse_stream,320631.3854438927,313456.22692882246,327920.0883778078,307250.9987228608
2,multiline_data_tcp_chunks,sse_core,2908199.78125,2763725.7171874996,3086515.388359375,2721134.3125
2,multiline_data_tcp_chunks,sse_baseline,3302406.796428571,3158232.4112499994,3474140.2531249993,3096728.4285714286
2,multiline_data_tcp_chunks,sse_stream,2978804.175,2824694.34546875,3168487.1199218747,2865917.5625
2,small_data_4b_chunks,sse_core,9143835.5125,9004896.6559375,9301403.5740625,8833323.25
2,small_data_4b_chunks,sse_baseline,10991065.1875,10540544.050625,11542132.508750001,10239587.0
2,small_data_4b_chunks,sse_stream,9807798.0125,9703470.4290625,9913168.3284375,9620882.25
2,small_data_event_chunks,sse_core,4688333.300000001,4474852.890125002,4959257.552,4409107.199999999
2,small_data_event_chunks,sse_baseline,4799886.775,4726302.46140625,4875343.984062499,4673107.5
2,small_data_event_chunks,sse_stream,4482117.5125,4305023.030625,4686956.389375001,4489791.666666666
2,small_data_tcp_chunks,sse_core,3445391.0464285715,3303627.686339286,3622067.114821428,3251340.3571428573
2,small_data_tcp_chunks,sse_baseline,4605377.4,4424015.929374999,4810907.670729167,4611575.5
2,small_data_tcp_chunks,sse_stream,3389612.3249999993,3294227.567291665,3491848.4215624994,3306390.666666667
2,small_data_whole_stream_chunk,sse_core,3217156.9400000004,3205432.378624999,3230437.1605,3207750.0
2,small_data_whole_stream_chunk,sse_baseline,4545865.570833335,4372074.985833333,4743265.175833333,4349755.75
2,small_data_whole_stream_chunk,sse_stream,3280773.337499999,3221102.0670833336,3341258.0977083324,3129763.25
3,keepalive_4b_chunks,sse_core,9235605.616666669,8998641.612083334,9555358.801249998,8914743.833333332
3,keepalive_4b_chunks,sse_baseline,9969349.8875,9891951.3078125,10063803.911249999,9919440.0
3,keepalive_4b_chunks,sse_stream,9277049.9875,9126652.201875,9441997.769375,9167712.25
3,keepalive_line_chunks,sse_core,3000081.5708333333,2994080.8090625,3006436.5315625006,2991067.333333333
3,keepalive_line_chunks,sse_baseline,3414118.6571428576,3261709.51732143,3602258.8008035715,3200124.5714285714
3,keepalive_line_chunks,sse_stream,3159965.3142857137,3058533.4593750006,3287345.8048214284,3006656.214285714
3,keepalive_tcp_chunks,sse_core,1126253.1783601926,1088269.4149336005,1178428.5343228853,1082967.4720394737
3,keepalive_tcp_chunks,sse_baseline,1045539.3075504035,1026090.133015693,1067704.2070073073,1013424.9539682539
3,keepalive_tcp_chunks,sse_stream,1086230.6921594744,1003228.1475488094,1179510.9886255325,932006.1
3,keepalive_whole_stream_chunk,sse_core,1131351.961954608,1084074.897992124,1189645.5906133926,1077172.125
3,keepalive_whole_stream_chunk,sse_baseline,999621.1296971878,967663.6990560243,1039916.6234526623,954380.8854166667
3,keepalive_whole_stream_chunk,sse_stream,1055217.0094123601,1010793.8648235438,1109809.3170645353,1011838.690092166
3,large_data_event_chunks,sse_core,93086.07950944113,92162.69493172405,94166.8340274646,92551.58145363408
3,large_data_event_chunks,sse_baseline,97575.78380470019,92773.5228637891,103043.62115616362,87509.87700895595
3,large_data_event_chunks,sse_stream,78074.7227904135,74671.68327350792,82162.47922935084,73266.96875
3,large_data_tcp_chunks,sse_core,130338.18486069841,126005.43538054274,135640.46508806,123693.37155448718
3,large_data_tcp_chunks,sse_baseline,133078.39677079744,132738.06627512732,133462.8446234661,132854.22222222222
3,large_data_tcp_chunks,sse_stream,109347.77522863017,106694.12478865775,112316.06053687814,104643.82991718425
3,large_utf8_tcp,sse_core,1094687.8157793789,1043289.2440165792,1156904.235253978,1016080.8333333333
3,large_utf8_tcp,sse_baseline,1052435.29492769,1031556.8734528973,1078057.118618023,1025160.7621052631
3,large_utf8_tcp,sse_stream,215001.32782800673,208176.59883494084,223473.96021914785,204285.32
3,medium_data_10b_chunks,sse_core,1668368.7795454545,1666993.4586931816,1669902.6599431813,1667450.4545454546
3,medium_data_10b_chunks,sse_baseline,1824769.5754728555,1783065.1649542134,1882554.2968111734,1787697.9658119658
3,medium_data_10b_chunks,sse_stream,1647378.8829665564,1614419.5312081652,1691748.1805897846,1612888.7935855263
3,metadata_events_tcp_chunks,sse_core,4844796.405,4623450.730749999,5122200.238125002,4528559.4
3,metadata_events_tcp_chunks,sse_baseline,4870152.265000001,4621499.057375,5162380.499249999,4437341.9
3,metadata_events_tcp_chunks,sse_stream,4144115.13,4123141.7807499995,4170707.342875001,4134252.7
3,mixed_multiline_tcp,sse_core,635123.2633475272,614338.3294100518,662861.174761439,618867.4857142858
3,mixed_multiline_tcp,sse_baseline,666695.671756503,650001.5140686648,687631.474084018,663555.1381118881
3,mixed_multiline_tcp,sse_stream,505805.8817209258,491461.9216563455,520922.29625164653,512508.51470588235
3,mixed_tcp,sse_core,563503.2590573423,537583.6760331067,592474.6000216721,504521.77696728555
3,mixed_tcp,sse_baseline,643289.6862960313,624837.7623942464,665249.6557419385,632946.5339285715
3,mixed_tcp,sse_stream,371417.5607255477,346812.54390861787,397839.28525237885,361514.1392931393
3,mixed_whole,sse_core,558091.87638226,527955.732200992,593482.6723447257,519922.6592261905
3,mixed_whole,sse_baseline,612935.7577261017,602236.940384563,625017.7779127685,616359.5833333333
3,mixed_whole,sse_stream,368594.8442285494,340891.2954234999,398203.0861148658,346416.97118993994
3,multiline_data_tcp_chunks,sse_core,2819099.1535714287,2705302.725089286,2978568.055982142,2701134.6428571427
3,multiline_data_tcp_chunks,sse_baseline,2927699.5416666674,2894814.6543749995,2961070.8905208334,2962292.666666667
3,multiline_data_tcp_chunks,sse_stream,3090193.7642857144,2947614.5625,3263415.1058035716,2936357.8571428573
3,small_data_4b_chunks,sse_core,9631421.633333331,9222906.855416669,10126156.90375,9003701.666666666
3,small_data_4b_chunks,sse_baseline,11058817.89166667,10638566.183958333,11552700.805000002,10507906.0
3,small_data_4b_chunks,sse_stream,10858742.0875,10444233.599062499,11336392.4415625,10447016.0
3,small_data_event_chunks,sse_core,4786783.3900000015,4629786.087374998,4981875.578124999,4735927.7
3,small_data_event_chunks,sse_baseline,5104647.299999999,4865872.970499999,5391379.174624998,5046325.9
3,small_data_event_chunks,sse_stream,4491456.875000002,4367744.850625,4617405.387291668,4577960.416666666
3,small_data_tcp_chunks,sse_core,3581669.775,3411193.1453124993,3787944.5273958337,3544023.083333333
3,small_data_tcp_chunks,sse_baseline,4515776.725000001,4370298.9478125,4689815.627708333,4418991.333333334
3,small_data_tcp_chunks,sse_stream,3532120.271428571,3396469.216071428,3678524.694196428,3561913.0
3,small_data_whole_stream_chunk,sse_core,3698519.0583333327,3531964.6737499996,3894377.1853125,3564136.083333333
3,small_data_whole_stream_chunk,sse_baseline,4372142.675000002,4206691.248333334,4572854.747187501,4292555.166666667
3,small_data_whole_stream_chunk,sse_stream,3540413.634375,3395503.709453125,3689521.806796875,3565405.0625
